Workbook

Sheet no obbba
A1: date | B1: id | C1: recession | D1: federal_purchases_contribution | E1: state_purchases_contribution | F1: federal_non_corporate_taxes_contribution | G1: state_non_corporate_taxes_contribution | H1: federal_corporate_taxes_contribution | I1: supply_side_ira_contribution | J1: state_corporate_taxes_contribution | K1: federal_social_benefits_contribution | L1: state_social_benefits_contribution | M1: rebate_checks_contribution | N1: rebate_checks_arp_contribution | O1: federal_ui_contribution | P1: state_ui_contribution | Q1: federal_subsidies_contribution | R1: federal_aid_to_small_businesses_arp_contribution | S1: federal_other_direct_aid_arp_contribution | T1: federal_other_vulnerable_arp_contribution | U1: federal_student_loans_contribution | V1: state_subsidies_contribution | W1: federal_health_outlays_contribution | X1: state_health_outlays_contribution | Y1: federal_contribution | Z1: state_contribution | AA1: taxes_contribution | AB1: transfers_contribution | AC1: consumption_contribution | AD1: fiscal_impact_measure | AE1: fiscal_impact_4q_ma
A2: 2023 Q2 | B2: historical | C2: -1 | D2: -0.14802611 | E2: 0.32935984 | F2: 0.40168307 | G2: 0.18603735 | H2: -0.082194087 | I2: 0.23535829 | J2: -0.041113772 | K2: -0.11030549 | L2: -0.039292217 | M2: -0.25081207 | N2: -0.42408041 | O2: -0.28390642 | P2: 0.020948001 | Q2: -0.36373095 | R2: 0.00050505984 | S2: -0.041864783 | T2: -0.096126642 | U2: -0.0080992849 | V2: -0.0008915333 | W2: 0.17103649 | X2: 0.10677014 | Y2: -0.23313551 | Z2: 0.41446924 | AA2: 0.69855453 | AB2: -1.3262928 | AC2: -0.61796281 | AD2: -0.43662908 | AE2: -0.83627525
A3: 2023 Q3 | B3: historical | C3: -1 | D3: 0.29138773 | E3: 0.20751042 | F3: 0.11335746 | G3: 0.097716049 | H3: -0.05915321 | I3: 0.2310278 | J3: -0.033405652 | K3: -0.035337896 | L3: -0.097526156 | M3: -0.033451247 | N3: -0.0077388778 | O3: -0.13051737 | P3: 0.044718453 | Q3: -0.37795185 | R3: 0.00059502736 | S3: -0.026783451 | T3: -0.096213711 | U3: -0.13797271 | V3: -6.5844159e-05 | W3: -0.080930365 | X3: 0.24636772 | Y3: -0.13834318 | Z3: 0.63724132 | AA3: 0.34932404 | AB3: -0.7341966 | AC3: -0.38219864 | AD3: 0.11669951 | AE3: -0.20616336
A4: 2023 Q4 | B4: historical | C4: -1 | D4: 0.070409519 | E4: 0.33456315 | F4: 0.084390722 | G4: 0.052044238 | H4: -0.071699906 | I4: 0.082750407 | J4: -0.037624014 | K4: -0.20119765 | L4: -0.25248893 | M4: 0 | N4: -0.0062254866 | O4: -0.0074273919 | P4: 0.025176577 | Q4: -0.16467395 | R4: -0.0057101381 | S4: -0.026574551 | T4: -0.096631639 | U4: -0.11266828 | V4: -4.6437541e-05 | W4: 0.057480661 | X4: 0.073497893 | Y4: 0.28189704 | Z4: 0.12307563 | AA4: 0.10992045 | AB4: -0.71934748 | AC4: -0.60859101 | AD4: -0.20361835 | AE4: -0.15496259
A5: 2024 Q1 | B5: historical | C5: -1 | D5: -0.095656905 | E5: 0.096940856 | F5: 0.49002857 | G5: 0.20839114 | H5: -0.060391934 | I5: 0.12732301 | J5: -0.031435769 | K5: -0.015431334 | L5: -0.024236115 | M5: 0 | N5: -0.11167712 | O5: -0.0014130479 | P5: 0.014852718 | Q5: -0.1478768 | R5: -0.0065334558 | S5: -0.037491898 | T5: -0.063307767 | U5: -0.10447089 | V5: -0.0005835965 | W5: -0.13918165 | X5: 0.13055532 | Y5: -0.14198756 | Z5: 0.14327151 | AA5: 0.73267848 | AB5: -0.50768404 | AC5: 0.2289171 | AD5: 0.23020105 | AE5: -0.073336716
A6: 2024 Q2 | B6: historical | C6: -1 | D6: 0.12347864 | E6: 0.051398583 | F6: 0.35063464 | G6: 0.18132833 | H6: -0.046919377 | I6: 0.094528727 | J6: -0.022967964 | K6: 0.17944505 | L6: 0.020341749 | M6: 0 | N6: -0.104668 | O6: -0.00067198841 | P6: 0.01260551 | Q6: -0.34619776 | R6: -0.016772232 | S6: -0.035908571 | T6: -0.050238211 | U6: -0.096103418 | V6: -0.0021619606 | W6: -0.10798661 | X6: 0.1126516 | Y6: 0.19183196 | Z6: -0.016954735 | AA6: 0.55586415 | AB6: -0.43560311 | AC6: 0.12277732 | AD6: 0.29765454 | AE6: 0.11023419
A7: 2024 Q3 | B7: historical | C7: -1 | D7: 0.4065057 | E7: 0.1366917 | F7: 0.26769889 | G7: 0.02149772 | H7: -0.043703024 | I7: -0.0953656 | J7: -0.012505799 | K7: 0.26285186 | L7: 0.049653198 | M7: 0 | N7: -0.10040558 | O7: -0.00033408507 | P7: 0.010455964 | Q7: -0.30976776 | R7: -0.06669009 | S7: -0.034038326 | T7: -0.043936535 | U7: -0.055729673 | V7: -4.4268525e-05 | W7: 0.20674712 | X7: 0.044619557 | Y7: 0.63577579 | Z7: -0.092578392 | AA7: 0.1379591 | AB7: -0.035405605 | AC7: 0.10260463 | AD7: 0.64580203 | AE7: 0.24250982
A8: 2024 Q4 | B8: historical | C8: -1 | D8: 0.13387378 | E8: 0.040840032 | F8: 0.26578106 | G8: 0.029094859 | H8: -0.034339266 | I8: -0.13372901 | J8: 0.01136901 | K8: 0.27225397 | L8: 0.016960521 | M8: 0 | N8: -0.10036427 | O8: -0.0001725724 | P8: 0.0057762572 | Q8: -0.15458604 | R8: -0.029046972 | S8: -0.022294995 | T8: -0.026522516 | U8: -0.030672088 | V8: -5.5553434e-05 | W8: 0.14998116 | X8: 0.15091666 | Y8: 0.15254838 | Z8: 0.022165438 | AA8: 0.13854798 | AB8: 0.23270567 | AC8: 0.370919 | AD8: 0.54563281 | AE8: 0.42982261
A9: 2025 Q1 | B9: historical | C9: -1 | D9: -0.51945344 | E9: -0.036329069 | F9: -0.068923508 | G9: 0.045824279 | H9: -0.0042648201 | I9: 0.0248513 | J9: 0.013575618 | K9: 0.18178302 | L9: -0.0089342835 | M9: 0 | N9: -0.096865949 | O9: 0 | P9: 0.00044613388 | Q9: -0.073745276 | R9: -0.028114584 | S9: -0.014963859 | T9: -0.010608242 | U9: -0.030099483 | V9: -0.00030217362 | W9: 0.10399977 | X9: 0.002612607 | Y9: -1.1699513 | Z9: 0.61416882 | AA9: 0.011102717 | AB9: 0.025525593 | AC9: 0.036625317 | AD9: -0.51915719 | AE9: 0.24248305
A10: 2025 Q2 | B10: historical | C10: -1 | D10: -0.49659071 | E10: 0.090506589 | F10: -0.49360352 | G10: -0.039331912 | H10: 0.0069202409 | I10: 0.1871692 | J10: 0.0019233388 | K10: 0.46724311 | L10: -0.014502786 | M10: 0 | N10: -0.094949895 | O10: 0 | P10: 0.0018247774 | Q10: -0.094999199 | R10: -0.02673731 | S10: -0.013483429 | T10: -0.010020828 | U10: -0.023738219 | V10: -0.0010380446 | W10: 0.28501646 | X10: -0.029952741 | Y10: -0.94596317 | Z10: 0.53987905 | AA10: -0.33604943 | AB10: 0.44530218 | AC10: -0.1891795 | AD10: -0.59526362 | AE10: 0.019253508
A11: 2025 Q3 | B11: projection | C11: 0 | D11: -0.10021934 | E11: -0.18895751 | F11: -0.41438163 | G11: 0.031964415 | H11: 0.0056903963 | I11: 0.18199766 | J11: 0.0069886574 | K11: 0.23748379 | L11: -0.00024409454 | M11: 0 | N11: -0.00099896094 | O11: 0 | P11: -0.0083673707 | Q11: -0.074626504 | R11: -0.026048206 | S11: -0.013810384 | T11: -0.0085423386 | U11: 9.9183753e-05 | V11: -0.00052655433 | W11: 0.21227328 | X11: -0.0040552934 | Y11: -0.15254855 | Z11: -0.13662829 | AA11: -0.18683894 | AB11: 0.31269055 | AC11: -0.17353058 | AD11: -0.46270743 | AE11: -0.25787386
A12: 2025 Q4 | B12: projection | C12: 0 | D12: -0.091487923 | E12: -0.18797857 | F12: -0.36899444 | G12: 0.012855036 | H12: 0.0046408975 | I12: 0.071097532 | J12: 0.0096981954 | K12: 0.17780099 | L12: 0.026815537 | M12: 0 | N12: -0.00097192311 | O12: 0 | P12: -0.0077753446 | Q12: -0.036283497 | R12: -0.0039026384 | S12: -0.012854849 | T12: -0.0076754748 | U12: 8.8049723e-05 | V12: -0.00044546802 | W12: 0.21743899 | X12: 0.01428993 | Y12: -0.19583735 | Z12: -0.083629139 | AA12: -0.27034182 | AB12: 0.36624377 | AC12: -0.20304921 | AD12: -0.4825157 | AE12: -0.51491099
A13: 2026 Q1 | B13: projection | C13: 0 | D13: 0.094960717 | E13: -0.18679327 | F13: -0.66605165 | G13: -0.005175253 | H13: 0.0039163248 | I13: 0.31388233 | J13: 0.0065070205 | K13: 0.053993006 | L13: 0.040643938 | M13: 0 | N13: -0.00094783566 | O13: 0 | P13: -0.0071485208 | Q13: -0.0028042467 | R13: -0.0026676745 | S13: -0.014294821 | T13: -0.0070418372 | U13: -0.00017145975 | V13: -0.00041144841 | W13: 0.26109163 | X13: 0.023524589 | Y13: 0.043261335 | Z13: -0.13509389 | AA13: -0.34468024 | AB13: 0.34352831 | AC13: -0.23989313 | AD13: -0.33172568 | AE13: -0.46805311
... A18: 2027 Q2 | B18: projection | C18: 0 | D18: -0.10225671 | E18: -0.19118456 | F18: -0.42474115 | G18: 0.023800283 | H18: 0.040536243 | I18: -0.31115122 | J18: 0.004630489 | K18: 0.014279883 | L18: 0.010613895 | M18: 0 | N18: 0 | O18: 0 | P18: -0.00081672553 | Q18: 0.0025172322 | R18: -0.00028515852 | S18: -0.0010320556 | T18: -0.0015233461 | U18: -0.0052365158 | V18: -0.00031358356 | W18: 0.124428 | X18: 0.01843726 | Y18: -0.14609606 | Z18: -0.1473452 | AA18: -0.66780613 | AB18: 0.16101672 | AC18: -0.54564203 | AD18: -0.83908329 | AE18: -0.75519422

Sheet published
A1: date | B1: id | C1: recession | D1: federal_purchases_contribution | E1: state_purchases_contribution | F1: federal_non_corporate_taxes_contribution | G1: state_non_corporate_taxes_contribution | H1: federal_corporate_taxes_contribution | I1: supply_side_ira_contribution | J1: state_corporate_taxes_contribution | K1: federal_social_benefits_contribution | L1: state_social_benefits_contribution | M1: rebate_checks_contribution | N1: rebate_checks_arp_contribution | O1: federal_ui_contribution | P1: state_ui_contribution | Q1: federal_subsidies_contribution | R1: federal_aid_to_small_businesses_arp_contribution | S1: federal_other_direct_aid_arp_contribution | T1: federal_other_vulnerable_arp_contribution | U1: federal_student_loans_contribution | V1: state_subsidies_contribution | W1: federal_health_outlays_contribution | X1: state_health_outlays_contribution | Y1: federal_contribution | Z1: state_contribution | AA1: taxes_contribution | AB1: transfers_contribution | AC1: consumption_contribution | AD1: fiscal_impact_measure | AE1: fiscal_impact_4q_ma
A2: 2023 Q2 | B2: historical | C2: -1 | D2: -0.14802611 | E2: 0.32935984 | F2: 0.40168307 | G2: 0.18603735 | H2: -0.089493653 | I2: 0.23535829 | J2: -0.041113772 | K2: -0.11030549 | L2: -0.039292217 | M2: -0.25081207 | N2: -0.42408041 | O2: -0.28390642 | P2: 0.020948001 | Q2: -0.36373095 | R2: 0.00050505984 | S2: -0.041864783 | T2: -0.096126642 | U2: -0.0080992849 | V2: -0.0008915333 | W2: 0.17103649 | X2: 0.10677014 | Y2: -0.23313551 | Z2: 0.41446924 | AA2: 0.69131517 | AB2: -1.3262928 | AC2: -0.62530359 | AD2: -0.44396987 | AE2: -0.8366488
A3: 2023 Q3 | B3: historical | C3: -1 | D3: 0.29138773 | E3: 0.20751042 | F3: 0.11335746 | G3: 0.097716049 | H3: -0.070690114 | I3: 0.2310278 | J3: -0.033405652 | K3: -0.035337896 | L3: -0.097526156 | M3: -0.033451247 | N3: -0.0077388778 | O3: -0.13051737 | P3: 0.044718453 | Q3: -0.37795185 | R3: 0.00059502736 | S3: -0.026783451 | T3: -0.096213711 | U3: -0.13797271 | V3: -6.5844159e-05 | W3: -0.080930365 | X3: 0.24636772 | Y3: -0.13834318 | Z3: 0.63724132 | AA3: 0.3378363 | AB3: -0.7341966 | AC3: -0.39377437 | AD3: 0.10512378 | AE3: -0.21142278
A4: 2023 Q4 | B4: historical | C4: -1 | D4: 0.070409519 | E4: 0.33456315 | F4: 0.084390722 | G4: 0.052044238 | H4: -0.082460773 | I4: 0.082750407 | J4: -0.037624014 | K4: -0.20119765 | L4: -0.25248893 | M4: 0 | N4: -0.0062254866 | O4: -0.0074273919 | P4: 0.025176577 | Q4: -0.16467395 | R4: -0.0057101381 | S4: -0.026574551 | T4: -0.096631639 | U4: -0.11266828 | V4: -4.6437541e-05 | W4: 0.057480661 | X4: 0.073497893 | Y4: 0.28189704 | Z4: 0.12307563 | AA4: 0.09918025 | AB4: -0.71934748 | AC4: -0.61941291 | AD4: -0.21444025 | AE4: -0.16449788
A5: 2024 Q1 | B5: historical | C5: -1 | D5: -0.095656905 | E5: 0.096940856 | F5: 0.49002857 | G5: 0.20839114 | H5: -0.049307544 | I5: 0.12732301 | J5: -0.031435769 | K5: -0.015431334 | L5: -0.024236115 | M5: 0 | N5: -0.11167712 | O5: -0.0014130479 | P5: 0.014852718 | Q5: -0.1478768 | R5: -0.0065334558 | S5: -0.037491898 | T5: -0.063307767 | U5: -0.10447089 | V5: -0.0005835965 | W5: -0.13918165 | X5: 0.13055532 | Y5: -0.14198756 | Z5: 0.14327151 | AA5: 0.74367015 | AB5: -0.50768404 | AC5: 0.2399677 | AD5: 0.24125165 | AE5: -0.078008671
A6: 2024 Q2 | B6: historical | C6: -1 | D6: 0.12347864 | E6: 0.051398583 | F6: 0.35063464 | G6: 0.18132833 | H6: -0.043718432 | I6: 0.094528727 | J6: -0.022967964 | K6: 0.17944505 | L6: 0.020341749 | M6: 0 | N6: -0.104668 | O6: -0.00067198841 | P6: 0.01260551 | Q6: -0.34619776 | R6: -0.016772232 | S6: -0.035908571 | T6: -0.050238211 | U6: -0.096103418 | V6: -0.0021619606 | W6: -0.10798661 | X6: 0.1126516 | Y6: 0.19183196 | Z6: -0.016954735 | AA6: 0.55904504 | AB6: -0.43560311 | AC6: 0.12597262 | AD6: 0.30084985 | AE6: 0.10819626
A7: 2024 Q3 | B7: historical | C7: -1 | D7: 0.4065057 | E7: 0.1366917 | F7: 0.26769889 | G7: 0.02149772 | H7: -0.046904813 | I7: -0.0953656 | J7: -0.012505799 | K7: 0.26285186 | L7: 0.049653198 | M7: 0 | N7: -0.10040558 | O7: -0.00033408507 | P7: 0.010455964 | Q7: -0.30976776 | R7: -0.06669009 | S7: -0.034038326 | T7: -0.043936535 | U7: -0.055729673 | V7: -4.4268525e-05 | W7: 0.20674712 | X7: 0.044619557 | Y7: 0.63577579 | Z7: -0.092578392 | AA7: 0.1347634 | AB7: -0.035405605 | AC7: 0.099407741 | AD7: 0.64260514 | AE7: 0.2425666
A8: 2024 Q4 | B8: historical | C8: -1 | D8: 0.13387378 | E8: 0.040840032 | F8: 0.26578106 | G8: 0.029094859 | H8: -0.043595019 | I8: -0.13372901 | J8: 0.01136901 | K8: 0.27225397 | L8: 0.016960521 | M8: 0 | N8: -0.10036427 | O8: -0.0001725724 | P8: 0.0057762572 | Q8: -0.15458604 | R8: -0.029046972 | S8: -0.022294995 | T8: -0.026522516 | U8: -0.030672088 | V8: -5.5553434e-05 | W8: 0.14998116 | X8: 0.15091666 | Y8: 0.15254838 | Z8: 0.022165438 | AA8: 0.12930883 | AB8: 0.23270567 | AC8: 0.36170216 | AD8: 0.53641598 | AE8: 0.43028065
A9: 2025 Q1 | B9: historical | C9: -1 | D9: -0.51945344 | E9: -0.036329069 | F9: -0.068923508 | G9: 0.045824279 | H9: -0.029899308 | I9: 0.0248513 | J9: 0.013575618 | K9: 0.18178302 | L9: -0.0089342835 | M9: 0 | N9: -0.096865949 | O9: 0 | P9: 0.00044613388 | Q9: -0.073745276 | R9: -0.028114584 | S9: -0.014963859 | T9: -0.010608242 | U9: -0.030099483 | V9: -0.00030217362 | W9: 0.10399977 | X9: 0.002612607 | Y9: -1.1699513 | Z9: 0.61416882 | AA9: -0.014527611 | AB9: 0.025525593 | AC9: 0.011001899 | AD9: -0.54478061 | AE9: 0.23377259
A10: 2025 Q2 | B10: historical | C10: -1 | D10: -0.49659071 | E10: 0.090506589 | F10: -0.49360352 | G10: -0.039331912 | H10: -0.025092285 | I10: 0.1871692 | J10: 0.0019233388 | K10: 0.46724311 | L10: -0.014502786 | M10: 0 | N10: -0.094949895 | O10: 0 | P10: 0.0018247774 | Q10: -0.094999199 | R10: -0.02673731 | S10: -0.013483429 | T10: -0.010020828 | U10: -0.023738219 | V10: -0.0010380446 | W10: 0.28501646 | X10: -0.029952741 | Y10: -0.94596317 | Z10: 0.53987905 | AA10: -0.36817689 | AB10: 0.44530218 | AC10: -0.22115718 | AD10: -0.6272413 | AE10: 0.0017498035
A11: 2025 Q3 | B11: projection | C11: 0 | D11: 0.1631113 | E11: -0.18895751 | F11: -0.22561765 | G11: 0.031964415 | H11: 0.18003232 | I11: 0.18199766 | J11: 0.0069886574 | K11: 0.23748379 | L11: -0.00024409454 | M11: 0 | N11: -0.00099896094 | O11: 0 | P11: -0.0083673707 | Q11: -0.074626504 | R11: -0.026048206 | S11: -0.013810384 | T11: -0.0085423386 | U11: -0.029638323 | V11: -0.00052655433 | W11: 0.22450059 | X11: 0.0019343238 | Y11: 0.11078208 | Z11: -0.13662829 | AA11: 0.17582294 | AB11: 0.30124016 | AC11: 0.17650267 | AD11: 0.15065645 | AE11: -0.12123737
A12: 2025 Q4 | B12: projection | C12: 0 | D12: 0.051277427 | E12: -0.18797857 | F12: -0.18376482 | G12: 0.012855036 | H12: 0.061325208 | I12: 0.071097532 | J12: 0.0096981954 | K12: 0.15390503 | L12: 0.026815537 | M12: 0 | N12: -0.00097192311 | O12: 0 | P12: -0.0077753446 | Q12: -0.036283497 | R12: -0.0039026384 | S12: -0.012854849 | T12: -0.0076754748 | U12: -0.024548492 | V12: -0.00044546802 | W12: 0.2294708 | X12: 0.020152618 | Y12: -0.053072004 | Z12: -0.083629139 | AA12: -0.028566526 | AB12: 0.33571051 | AC12: 0.0072456089 | AD12: -0.12945553 | AE12: -0.28770525
A13: 2026 Q1 | B13: projection | C13: 0 | D13: 0.29588505 | E13: -0.18679327 | F13: -0.15788909 | G13: -0.005175253 | H13: 0.071065183 | I13: 0.31388233 | J13: 0.0065070205 | K13: 0.030623218 | L13: 0.040643938 | M13: 0 | N13: -0.00094783566 | O13: 0 | P13: -0.0071485208 | Q13: -0.0028042467 | R13: -0.0026676745 | S13: -0.014294821 | T13: -0.0070418372 | U13: -0.022803876 | V13: -0.00041144841 | W13: 0.27300491 | X13: 0.029331705 | Y13: 0.24418567 | Z13: -0.13509389 | AA13: 0.22879604 | AB13: 0.31537333 | AC13: 0.30340153 | AD13: 0.41249331 | AE13: -0.048386766
... A18: 2027 Q2 | B18: projection | C18: 0 | D18: -0.11072717 | E18: -0.19118456 | F18: -0.02983676 | G18: 0.023800283 | H18: 0.088232619 | I18: -0.31115122 | J18: 0.004630489 | K18: -0.0073764978 | L18: 0.010613895 | M18: 0 | N18: 0 | O18: 0 | P18: -0.00081672553 | Q18: 0.0025172322 | R18: -0.00028515852 | S18: -0.0010320556 | T18: -0.0015233461 | U18: -0.0095126456 | V18: -0.00031358356 | W18: 0.089169656 | X18: 0.0013236714 | Y18: -0.15456652 | Z18: -0.1473452 | AA18: -0.22402694 | AB18: 0.082771764 | AC18: -0.18105718 | AD18: -0.4829689 | AE18: -0.41458845

Sheet diff
A1: date | B1: id | C1: recession | D1: federal_purchases_contribution | E1: state_purchases_contribution | F1: federal_non_corporate_taxes_contribution | G1: state_non_corporate_taxes_contribution | H1: federal_corporate_taxes_contribution | I1: supply_side_ira_contribution | J1: state_corporate_taxes_contribution | K1: federal_social_benefits_contribution | L1: state_social_benefits_contribution | M1: rebate_checks_contribution | N1: rebate_checks_arp_contribution | O1: federal_ui_contribution | P1: state_ui_contribution | Q1: federal_subsidies_contribution | R1: federal_aid_to_small_businesses_arp_contribution | S1: federal_other_direct_aid_arp_contribution | T1: federal_other_vulnerable_arp_contribution | U1: federal_student_loans_contribution | V1: state_subsidies_contribution | W1: federal_health_outlays_contribution | X1: state_health_outlays_contribution | Y1: federal_contribution | Z1: state_contribution | AA1: taxes_contribution | AB1: transfers_contribution | AC1: consumption_contribution | AD1: fiscal_impact_measure | AE1: fiscal_impact_4q_ma | AH1: old obbba
A2: 2023 Q2 | B2: historical | C2: -1 | D2: =-('no obbba'!D2-published!D2) -> 0 | E2: =-('no obbba'!E2-published!E2) -> 0 | F2: =-('no obbba'!F2-published!F2) -> 0 | G2: =-('no obbba'!G2-published!G2) -> 0 | H2: =-('no obbba'!H2-published!H2) -> -0.0072995664 | I2: =-('no obbba'!I2-published!I2) -> 0 | J2: =-('no obbba'!J2-published!J2) -> 0 | K2: =-('no obbba'!K2-published!K2) -> 0 | ... AE2: =-('no obbba'!AE2-published!AE2) -> -0.00037355631 | AF2: ='no obbba'!AM2-published!AM2 -> 0
A3: 2023 Q3 | B3: historical | C3: -1 | D3: =-('no obbba'!D3-published!D3) -> 0 | E3: =-('no obbba'!E3-published!E3) -> 0 | F3: =-('no obbba'!F3-published!F3) -> 0 | G3: =-('no obbba'!G3-published!G3) -> 0 | H3: =-('no obbba'!H3-published!H3) -> -0.011536903 | I3: =-('no obbba'!I3-published!I3) -> 0 | J3: =-('no obbba'!J3-published!J3) -> 0 | K3: =-('no obbba'!K3-published!K3) -> 0 | ... AE3: =-('no obbba'!AE3-published!AE3) -> -0.0052594296 | AF3: ='no obbba'!AM3-published!AM3 -> 0
A4: 2023 Q4 | B4: historical | C4: -1 | D4: =-('no obbba'!D4-published!D4) -> 0 | E4: =-('no obbba'!E4-published!E4) -> 0 | F4: =-('no obbba'!F4-published!F4) -> 0 | G4: =-('no obbba'!G4-published!G4) -> 0 | H4: =-('no obbba'!H4-published!H4) -> -0.010760867 | I4: =-('no obbba'!I4-published!I4) -> 0 | J4: =-('no obbba'!J4-published!J4) -> 0 | K4: =-('no obbba'!K4-published!K4) -> 0 | ... AE4: =-('no obbba'!AE4-published!AE4) -> -0.0095352953 | AF4: ='no obbba'!AM4-published!AM4 -> 0
A5: 2024 Q1 | B5: historical | C5: -1 | D5: =-('no obbba'!D5-published!D5) -> 0 | E5: =-('no obbba'!E5-published!E5) -> 0 | F5: =-('no obbba'!F5-published!F5) -> 0 | G5: =-('no obbba'!G5-published!G5) -> 0 | H5: =-('no obbba'!H5-published!H5) -> 0.01108439 | I5: =-('no obbba'!I5-published!I5) -> 0 | J5: =-('no obbba'!J5-published!J5) -> 0 | K5: =-('no obbba'!K5-published!K5) -> 0 | ... AE5: =-('no obbba'!AE5-published!AE5) -> -0.0046719549 | AF5: ='no obbba'!AM5-published!AM5 -> 0
A6: 2024 Q2 | B6: historical | C6: -1 | D6: =-('no obbba'!D6-published!D6) -> 0 | E6: =-('no obbba'!E6-published!E6) -> 0 | F6: =-('no obbba'!F6-published!F6) -> 0 | G6: =-('no obbba'!G6-published!G6) -> 0 | H6: =-('no obbba'!H6-published!H6) -> 0.0032009448 | I6: =-('no obbba'!I6-published!I6) -> 0 | J6: =-('no obbba'!J6-published!J6) -> 0 | K6: =-('no obbba'!K6-published!K6) -> 0 | ... AE6: =-('no obbba'!AE6-published!AE6) -> -0.0020379321 | AF6: ='no obbba'!AM6-published!AM6 -> 0
A7: 2024 Q3 | B7: historical | C7: -1 | D7: =-('no obbba'!D7-published!D7) -> 0 | E7: =-('no obbba'!E7-published!E7) -> 0 | F7: =-('no obbba'!F7-published!F7) -> 0 | G7: =-('no obbba'!G7-published!G7) -> 0 | H7: =-('no obbba'!H7-published!H7) -> -0.0032017896 | I7: =-('no obbba'!I7-published!I7) -> 0 | J7: =-('no obbba'!J7-published!J7) -> 0 | K7: =-('no obbba'!K7-published!K7) -> 0 | ... AE7: =-('no obbba'!AE7-published!AE7) -> 5.6778494e-05 | AF7: ='no obbba'!AM7-published!AM7 -> 0
A8: 2024 Q4 | B8: historical | C8: -1 | D8: =-('no obbba'!D8-published!D8) -> 0 | E8: =-('no obbba'!E8-published!E8) -> 0 | F8: =-('no obbba'!F8-published!F8) -> 0 | G8: =-('no obbba'!G8-published!G8) -> 0 | H8: =-('no obbba'!H8-published!H8) -> -0.0092557522 | I8: =-('no obbba'!I8-published!I8) -> 0 | J8: =-('no obbba'!J8-published!J8) -> 0 | K8: =-('no obbba'!K8-published!K8) -> 0 | ... AE8: =-('no obbba'!AE8-published!AE8) -> 0.00045804408 | AF8: ='no obbba'!AM8-published!AM8 -> 0
A9: 2025 Q1 | B9: historical | C9: -1 | D9: =-('no obbba'!D9-published!D9) -> 0 | E9: =-('no obbba'!E9-published!E9) -> 0 | F9: =-('no obbba'!F9-published!F9) -> 0 | G9: =-('no obbba'!G9-published!G9) -> 0 | H9: =-('no obbba'!H9-published!H9) -> -0.025634488 | I9: =-('no obbba'!I9-published!I9) -> 0 | J9: =-('no obbba'!J9-published!J9) -> 0 | K9: =-('no obbba'!K9-published!K9) -> 0 | ... AE9: =-('no obbba'!AE9-published!AE9) -> -0.0087104593 | AF9: ='no obbba'!AM9-published!AM9 -> 0 | AH9: 0 | AI9: =AD9-AH9 -> -0.025623417
A10: 2025 Q2 | B10: historical | C10: -1 | D10: =-('no obbba'!D10-published!D10) -> 0 | E10: =-('no obbba'!E10-published!E10) -> 0 | F10: =-('no obbba'!F10-published!F10) -> 0 | G10: =-('no obbba'!G10-published!G10) -> 0 | H10: =-('no obbba'!H10-published!H10) -> -0.032012526 | I10: =-('no obbba'!I10-published!I10) -> 0 | J10: =-('no obbba'!J10-published!J10) -> 0 | K10: =-('no obbba'!K10-published!K10) -> 0 | ... AE10: =-('no obbba'!AE10-published!AE10) -> -0.017503705 | AF10: ='no obbba'!AM10-published!AM10 -> 0 | AH10: 0 | AI10: =AD10-AH10 -> -0.031977679
A11: 2025 Q3 | B11: projection | C11: 0 | D11: =-('no obbba'!D11-published!D11) -> 0.26333064 | E11: =-('no obbba'!E11-published!E11) -> 0 | F11: =-('no obbba'!F11-published!F11) -> 0.18876398 | G11: =-('no obbba'!G11-published!G11) -> 0 | H11: =-('no obbba'!H11-published!H11) -> 0.17434192 | I11: =-('no obbba'!I11-published!I11) -> 0 | J11: =-('no obbba'!J11-published!J11) -> 0 | K11: =-('no obbba'!K11-published!K11) -> 0 | ... AE11: =-('no obbba'!AE11-published!AE11) -> 0.13663649 | AF11: ='no obbba'!AM11-published!AM11 -> 0 | AH11: 0.59987708 | AI11: =AD11-AH11 -> 0.013486801
A12: 2025 Q4 | B12: projection | C12: 0 | D12: =-('no obbba'!D12-published!D12) -> 0.14276535 | E12: =-('no obbba'!E12-published!E12) -> 0 | F12: =-('no obbba'!F12-published!F12) -> 0.18522961 | G12: =-('no obbba'!G12-published!G12) -> 0 | H12: =-('no obbba'!H12-published!H12) -> 0.05668431 | I12: =-('no obbba'!I12-published!I12) -> 0 | J12: =-('no obbba'!J12-published!J12) -> 0 | K12: =-('no obbba'!K12-published!K12) -> -0.023895964 | ... AE12: =-('no obbba'!AE12-published!AE12) -> 0.22720574 | AF12: ='no obbba'!AM12-published!AM12 -> 0 | AH12: 0.26861924 | AI12: =AD12-AH12 -> 0.08444093
A13: 2026 Q1 | B13: projection | C13: 0 | D13: =-('no obbba'!D13-published!D13) -> 0.20092433 | E13: =-('no obbba'!E13-published!E13) -> 0 | F13: =-('no obbba'!F13-published!F13) -> 0.50816256 | G13: =-('no obbba'!G13-published!G13) -> 0 | H13: =-('no obbba'!H13-published!H13) -> 0.067148859 | I13: =-('no obbba'!I13-published!I13) -> 0 | J13: =-('no obbba'!J13-published!J13) -> 0 | K13: =-('no obbba'!K13-published!K13) -> -0.023369788 | ... AE13: =-('no obbba'!AE13-published!AE13) -> 0.41966634 | AF13: ='no obbba'!AM13-published!AM13 -> 0 | AH13: 0.5748094 | AI13: =AD13-AH13 -> 0.16940959
A14: 2026 Q2 | B14: projection | C14: 0 | D14: =-('no obbba'!D14-published!D14) -> 0.12541077 | E14: =-('no obbba'!E14-published!E14) -> 0 | F14: =-('no obbba'!F14-published!F14) -> 0.50094184 | G14: =-('no obbba'!G14-published!G14) -> 0 | H14: =-('no obbba'!H14-published!H14) -> 0.065015891 | I14: =-('no obbba'!I14-published!I14) -> 0 | J14: =-('no obbba'!J14-published!J14) -> 0 | K14: =-('no obbba'!K14-published!K14) -> -0.022993064 | ... AE14: =-('no obbba'!AE14-published!AE14) -> 0.59357239 | AF14: ='no obbba'!AM14-published!AM14 -> 0 | AH14: 0.30164419 | AI14: =AD14-AH14 -> 0.36200234
A15: 2026 Q3 | B15: projection | C15: 0 | D15: =-('no obbba'!D15-published!D15) -> 0.0700293 | E15: =-('no obbba'!E15-published!E15) -> 0 | F15: =-('no obbba'!F15-published!F15) -> 0.28648402 | G15: =-('no obbba'!G15-published!G15) -> 0 | H15: =-('no obbba'!H15-published!H15) -> 0.067200706 | I15: =-('no obbba'!I15-published!I15) -> 0 | J15: =-('no obbba'!J15-published!J15) -> 0 | K15: =-('no obbba'!K15-published!K15) -> -0.02240974 | ... AE15: =-('no obbba'!AE15-published!AE15) -> 0.53747045 | AF15: ='no obbba'!AM15-published!AM15 -> 0 | AH15: 0.25166508 | AI15: =AD15-AH15 -> 0.13729102
A16: 2026 Q4 | B16: projection | C16: 0 | D16: =-('no obbba'!D16-published!D16) -> -0.0064345259 | E16: =-('no obbba'!E16-published!E16) -> 0 | F16: =-('no obbba'!F16-published!F16) -> 0.28283734 | G16: =-('no obbba'!G16-published!G16) -> 0 | H16: =-('no obbba'!H16-published!H16) -> 0.065043622 | I16: =-('no obbba'!I16-published!I16) -> 0 | J16: =-('no obbba'!J16-published!J16) -> 0 | K16: =-('no obbba'!K16-published!K16) -> -0.022567075 | ... AE16: =-('no obbba'!AE16-published!AE16) -> 0.5140787 | AF16: ='no obbba'!AM16-published!AM16 -> 0 | AH16: 0.12531634 | AI16: =AD16-AH16 -> 0.13417683
A17: 2027 Q1 | B17: projection | C17: 0 | D17: =-('no obbba'!D17-published!D17) -> -0.0086757821 | E17: =-('no obbba'!E17-published!E17) -> 0 | F17: =-('no obbba'!F17-published!F17) -> 0.40284314 | G17: =-('no obbba'!G17-published!G17) -> 0 | H17: =-('no obbba'!H17-published!H17) -> 0.044673766 | I17: =-('no obbba'!I17-published!I17) -> 0 | J17: =-('no obbba'!J17-published!J17) -> 0 | K17: =-('no obbba'!K17-published!K17) -> -0.022170053 | ... AE17: =-('no obbba'!AE17-published!AE17) -> 0.4174888 | AF17: ='no obbba'!AM17-published!AM17 -> 0
A18: 2027 Q2 | B18: projection | C18: 0 | D18: =-('no obbba'!D18-published!D18) -> -0.008470458 | E18: =-('no obbba'!E18-published!E18) -> 0 | F18: =-('no obbba'!F18-published!F18) -> 0.39490438 | G18: =-('no obbba'!G18-published!G18) -> 0 | H18: =-('no obbba'!H18-published!H18) -> 0.047696375 | I18: =-('no obbba'!I18-published!I18) -> 0 | J18: =-('no obbba'!J18-published!J18) -> 0 | K18: =-('no obbba'!K18-published!K18) -> -0.021656381 | ... AE18: =-('no obbba'!AE18-published!AE18) -> 0.34060576 | AF18: ='no obbba'!AM18-published!AM18 -> 0
