Workbook

Sheet 03-2026
A1: date | B1: id | C1: recession | D1: federal_purchases_contribution | E1: state_purchases_contribution | F1: federal_non_corporate_taxes_contribution | G1: state_non_corporate_taxes_contribution | H1: federal_corporate_taxes_contribution | I1: supply_side_ira_contribution | J1: state_corporate_taxes_contribution | K1: federal_social_benefits_contribution | L1: state_social_benefits_contribution | M1: rebate_checks_contribution | N1: rebate_checks_arp_contribution | O1: federal_ui_contribution | P1: state_ui_contribution | Q1: federal_subsidies_contribution | R1: federal_aid_to_small_businesses_arp_contribution | S1: federal_other_direct_aid_arp_contribution | T1: federal_other_vulnerable_arp_contribution | U1: federal_student_loans_contribution | V1: state_subsidies_contribution | W1: federal_health_outlays_contribution | X1: state_health_outlays_contribution | Y1: federal_contribution | Z1: state_contribution | AA1: taxes_contribution | AB1: transfers_contribution | AC1: consumption_contribution | AD1: fiscal_impact_measure | AE1: fiscal_impact_4q_ma
A2: 1970 Q1 | B2: historical | C2: 1 | AD2: 0
A3: 1970 Q2 | B3: historical | C3: 1 | D3: -1.7548435 | E3: -0.12427929 | F3: -7.580521 | G3: -4.2098198 | H3: -0.35243073 | I3: 0 | J3: -0.048183824 | K3: 3.9967659 | L3: 0.90189755 | M3: 0 | N3: 0 | O3: 0 | P3: 0.48120372 | Q3: 0.080203002 | R3: 0 | S3: 0 | T3: 0 | U3: 0 | V3: 0 | W3: 0.63107539 | X3: 0.46526764 | Y3: -1.9556283 | Z3: 0.076505461 | AA3: -12.612934 | AB3: 6.4076086 | AC3: -5.2664518 | AD3: -7.1455746
A4: 1970 Q3 | B4: historical | C4: 1 | D4: -1.0299957 | E4: 0.66243906 | F4: -3.2914888 | G4: -2.1014474 | H4: -0.35602258 | I4: 0 | J4: -0.04836946 | K4: 3.7857719 | L4: 0.94243042 | M4: 0 | N4: 0 | O4: 0 | P4: 0.29944028 | Q4: 0.07191729 | R4: 0 | S4: 0 | T4: 0 | U4: 0 | V4: 0 | W4: 0.62509544 | X4: 0.48088826 | Y4: -1.2534659 | Z4: 0.88590921 | AA4: -5.9022783 | AB4: 6.0745224 | AC4: 0.58846457 | AD4: 0.22090793
A5: 1970 Q4 | B5: historical | C5: 1 | D5: -0.61479788 | E5: -0.11774379 | F5: -3.0380653 | G5: -1.9851975 | H5: -0.31542952 | I5: 0 | J5: -0.042562611 | K5: 3.688938 | L5: 0.93003041 | M5: 0 | N5: 0 | O5: 0 | P5: 0.28867977 | Q5: 0.065005064 | R5: 0 | S5: 0 | T5: 0 | U5: 0 | V5: 0 | W5: 0.59989771 | X5: 0.47409794 | Y5: -0.63226348 | Z5: -0.10027819 | AA5: -5.4744794 | AB5: 5.9183234 | AC5: 0.83228506 | AD5: 0.099743394 | AE5: -1.7062308
A6: 1971 Q1 | B6: historical | C6: -1 | D6: -1.945773 | E6: -0.16683682 | F6: -3.3950108 | G6: -2.1648734 | H6: -0.3742031 | I6: 0 | J6: -0.051215801 | K6: 0.53918813 | L6: 0.1488116 | M6: 0 | N6: 0 | O6: 0 | P6: 0.2254341 | Q6: 0.057395485 | R6: 0 | S6: 0 | T6: 0 | U6: 0 | V6: 0 | W6: 0.026323953 | X6: 0.073649305 | Y6: -1.7926951 | Z6: -0.31991467 | AA6: -6.0920539 | AB6: 1.0665332 | AC6: -4.9544224 | AD6: -7.0670322 | AE6: -3.4729889
A7: 1971 Q2 | B7: historical | C7: -1 | D7: -0.89525955 | E7: -0.01816226 | F7: -3.1191993 | G7: -2.0515159 | H7: -0.35056956 | I7: 0 | J7: -0.047861147 | K7: 0.30292671 | L7: 0.11187412 | M7: 0 | N7: 0 | O7: 0 | P7: 0.19042916 | Q7: 0.053963058 | R7: 0 | S7: 0 | T7: 0 | U7: 0 | V7: 0 | W7: 0.018765224 | X7: 0.071983927 | Y7: -0.64307784 | Z7: -0.27034397 | AA7: -5.6664377 | AB7: 0.74755477 | AC7: -4.870389 | AD7: -5.7838108 | AE7: -3.1325479
A8: 1971 Q3 | B8: historical | C8: -1 | D8: -0.59814334 | E8: -0.21524273 | F8: -3.0516913 | G8: -2.0548441 | H8: -0.32636179 | I8: 0 | J8: -0.048493159 | K8: 0.35714654 | L8: 0.070458748 | M8: 0 | N8: 0 | O8: 0 | P8: 0.10049849 | Q8: 0.046548481 | R8: 0 | S8: 0 | T8: 0 | U8: 0 | V8: 0 | W8: 0.020895107 | X8: 0.071129111 | Y8: -0.84302933 | Z8: 0.02964325 | AA8: -5.5763377 | AB8: 0.66496249 | AC8: -4.868557 | AD8: -5.6819431 | AE8: -4.6082607
A9: 1971 Q4 | B9: historical | C9: -1 | D9: -1.5680938 | E9: 0.23299282 | F9: -3.1713659 | G9: -2.1518862 | H9: -0.3312153 | I9: 0 | J9: -0.049803549 | K9: 0.31526096 | L9: 0.057953588 | M9: 0 | N9: 0 | O9: 0 | P9: 0.02648576 | Q9: 0.049501449 | R9: 0 | S9: 0 | T9: 0 | U9: 0 | V9: 0 | W9: 0.029127494 | X9: 0.084856372 | Y9: -1.6463327 | Z9: 0.31123175 | AA9: -5.8050316 | AB9: 0.56202341 | AC9: -5.2060493 | AD9: -6.5411503 | AE9: -6.2684841
A10: 1972 Q1 | B10: historical | C10: -1 | D10: 0.020416086 | E10: -0.26507452 | F10: -0.29598737 | G10: -0.23925812 | H10: -0.33184719 | I10: 0 | J10: -0.052966884 | K10: 0.31196325 | L10: 0.029776835 | M10: 0 | N10: 0 | O10: 0 | P10: 0.023259767 | Q10: 0.061460678 | R10: 0 | S10: 0 | T10: 0 | U10: 0 | V10: 0 | W10: 0.0083365205 | X10: 0.089151338 | Y10: -0.029666752 | Z10: -0.21499169 | AA10: -0.92337308 | AB10: 0.52302528 | AC10: -0.39491498 | AD10: -0.63957342 | AE10: -4.6616194
A11: 1972 Q2 | B11: historical | C11: -1 | D11: 0.075108262 | E11: -0.4576477 | F11: -0.4665551 | G11: -0.36274885 | H11: -0.33193952 | I11: 0 | J11: -0.052373099 | K11: -0.15583639 | L11: 0.030418907 | M11: 0 | N11: 0 | O11: 0 | P11: 0.052892251 | Q11: 0.059026651 | R11: 0 | S11: 0 | T11: 0 | U11: 0 | V11: 0.0017328578 | W11: 0.019289379 | X11: 0.079077975 | Y11: -0.10856347 | Z11: -0.27397597 | AA11: -1.219333 | AB11: 0.086774517 | AC11: -1.1313639 | AD11: -1.5139033 | AE11: -3.5941425
A12: 1972 Q3 | B12: historical | C12: -1 | D12: -2.3162693 | E12: 0.028269149 | F12: -0.13148165 | G12: -0.2408922 | H12: -0.31912492 | I12: 0 | J12: -0.050803499 | K12: -0.065131231 | L12: 0.023648849 | M12: 0 | N12: 0 | O12: 0 | P12: -0.093426118 | Q12: 0.068790308 | R12: 0 | S12: 0 | T12: 0 | U12: 0 | V12: 0.0014227071 | W12: 0.017744627 | X12: 0.091080582 | Y12: -1.873453 | Z12: -0.41454709 | AA12: -0.7444168 | AB12: 0.044271637 | AC12: -0.69977021 | AD12: -2.9877703 | AE12: -2.9205993
A13: 1972 Q4 | B13: historical | C13: -1 | D13: -0.24031746 | E13: 0.25518744 | F13: -0.21531861 | G13: -0.24661212 | H13: -0.35549169 | I13: 0 | J13: -0.055915084 | K13: 0.70300444 | L13: 0.0089595592 | M13: 0 | N13: 0 | O13: 0 | P13: -0.21756093 | Q13: 0.062660217 | R13: 0 | S13: 0 | T13: 0 | U13: 0 | V13: 0.0013275113 | W13: 0.025769838 | X13: 0.052130311 | Y13: -0.62384399 | Z13: 0.63871398 | AA13: -0.87623222 | AB13: 0.63708204 | AC13: -0.2330085 | AD13: -0.21813851 | AE13: -1.3398464
A14: 1973 Q1 | B14: historical | C14: -1 | D14: 0.22407646 | E14: -0.18206587 | F14: -0.51231308 | G14: -0.15635345 | H14: -0.053589259 | I14: 0 | J14: -0.012245043 | K14: 0.6024822 | L14: -0.024028935 | M14: 0 | N14: 0 | O14: 0 | P14: -0.17742661 | Q14: 0.0080772406 | R14: 0 | S14: 0 | T14: 0 | U14: 0 | V14: 0.0011707433 | W14: 0.020550525 | X14: 0.03901465 | Y14: 0.1874745 | Z14: -0.14546391 | AA14: -0.73587688 | AB14: 0.47081282 | AC14: -0.26124226 | AD14: -0.21923167 | AE14: -1.234761
A15: 1973 Q2 | B15: historical | C15: -1 | D15: -1.0636497 | E15: -0.30941299 | F15: -0.26637234 | G15: 0.056907182 | H15: -0.020171548 | I15: 0 | J15: -0.0088433761 | K15: 0.52970366 | L15: -0.051827823 | M15: 0 | N15: 0 | O15: 0 | P15: -0.13320688 | Q15: -0.0019466851 | R15: 0 | S15: 0 | T15: 0 | U15: 0 | V15: 0.00089020535 | W15: 0.020025679 | X15: 0.044972104 | Y15: -0.97180581 | Z15: -0.40125687 | AA15: -0.23837658 | AB15: 0.40940384 | AC15: 0.17216207 | AD15: -1.2009006 | AE15: -1.1565103
A16: 1973 Q3 | B16: historical | C16: -1 | D16: -1.7906635 | E16: 0.071918352 | F16: -0.18364898 | G16: 0.037489271 | H16: 0.0070606083 | I16: 0 | J16: -0.0055615481 | K16: 0.5104406 | L16: -0.06236558 | M16: 0 | N16: 0 | O16: 0 | P16: -0.087689251 | Q16: -0.015296599 | R16: 0 | S16: 0 | T16: 0 | U16: 0 | V16: 0.00085283836 | W16: 0.040061957 | X16: 0.0095745679 | Y16: -2.0856769 | Z16: 0.3669318 | AA16: -0.14457803 | AB16: 0.39625925 | AC16: 0.25234438 | AD16: -1.4664007 | AE16: -0.77616788
... A234: 2028 Q1 | B234: projection | C234: 0 | D234: -6.3181956 | E234: -10.78769 | F234: 7.7279958 | G234: 3.9677393 | H234: 0.20944417 | I234: -0.61720593 | J234: 0.082454147 | K234: -7.5081956 | L234: -0.67890499 | M234: 0 | N234: 0 | O234: 0 | P234: -0.09292321 | Q234: -0.065039365 | R234: 0.00019446526 | S234: -0.00099631823 | T234: 0 | U234: 0.020062286 | V234: -0.00023982817 | W234: -6.255195 | X234: -1.0154336 | Y234: -7.8193522 | Z234: -9.2865334 | AA234: 11.07832 | AB234: -16.36782 | AC234: -3.3662955 | AD234: -20.472181 | AE234: -5.5906724
A235: 2028 Q2 | B235: projection | C235: 0 | D235: #NUM! | E235: #NUM! | F235: 7.618393 | G235: 3.9260928 | H235: 0.20520103 | I235: 0 | J235: 0.080151095 | K235: -7.4108232 | L235: -0.67374961 | M235: 0 | N235: 0 | O235: 0 | P235: -0.078213133 | Q235: -0.058359947 | R235: 0.00019033027 | S235: -0.00058712749 | T235: 0 | U235: 0.018670669 | V235: -0.0002347285 | W235: -6.1877455 | X235: -0.99565692 | Y235: #NUM! | Z235: #NUM! | AA235: 11.468634 | AB235: -16.136885 | AC235: -2.6998375 | AD235: 0 | AE235: -5.4217164
A236: 2028 Q3 | B236: projection | C236: 0 | D236: #NUM! | E236: #NUM! | F236: 3.8102391 | G236: 1.9677005 | H236: 0.09886256 | I236: 0 | J236: 0.072160578 | K236: -7.3234587 | L236: -0.66948669 | M236: 0 | N236: 0 | O236: 0 | P236: -0.073258623 | Q236: -0.055443742 | R236: 0.00018649559 | S236: -0.00058419184 | T236: 0 | U236: 0.011952328 | V236: -0.00022999906 | W236: -6.1304822 | X236: -0.97868458 | Y236: #NUM! | Z236: #NUM! | AA236: 5.8574276 | AB236: -15.954207 | AC236: -9.1132572 | AD236: 0 | AE236: -5.2799262
A237: 2028 Q4 | B237: projection | C237: 0 | D237: #NUM! | E237: #NUM! | F237: 3.758241 | G237: 1.9477014 | H237: 0.19356181 | I237: 0 | J237: 0.069317772 | K237: -7.177165 | L237: -0.66540165 | M237: 0 | N237: 0 | O237: 0 | P237: -0.068440898 | Q237: -0.046246335 | R237: 0.00042998672 | S237: -0.00058362342 | T237: 0 | U237: 0.0065891424 | V237: -0.00022537522 | W237: -6.0443285 | X237: -0.97766895 | Y237: #NUM! | Z237: #NUM! | AA237: 5.8736166 | AB237: -15.686004 | AC237: -8.8414975 | AD237: 0 | AE237: -5.1180453
A238: 2029 Q1 | B238: projection | C238: 0 | D238: #NUM! | E238: #NUM! | F238: 3.853665 | G238: 1.9292001 | H238: 0.18496914 | I238: 0 | J238: 0.069298427 | K238: 0 | L238: 0 | M238: 0 | N238: 0 | O238: 0 | P238: -0.040689961 | Q238: -0.041749915 | R238: 0 | S238: -0.00048738775 | T238: 0 | U238: 0.0064666853 | V238: -7.5708028e-05 | W238: 0 | X238: 0 | Y238: #NUM! | Z238: #NUM! | AA238: 5.9410898 | AB238: -0.076549194 | AC238: 5.8694517 | AD238: 0 | AE238: 0
A239: 2029 Q2 | B239: projection | C239: 0 | D239: #NUM! | E239: #NUM! | F239: 3.8052903 | G239: 1.910001 | H239: 0.17674125 | I239: 0 | J239: 0.06817211 | K239: 0 | L239: 0 | M239: 0 | N239: 0 | O239: 0 | P239: -0.022310757 | Q239: -0.042209106 | R239: 0 | S239: -0.00038483888 | T239: 0 | U239: 0.0050848295 | V239: -7.4262846e-05 | W239: 0 | X239: 0 | Y239: #NUM! | Z239: #NUM! | AA239: 5.8667666 | AB239: -0.059900979 | AC239: 5.8106586 | AD239: 0 | AE239: 0
A240: 2029 Q3 | B240: projection | C240: 0 | D240: #NUM! | E240: #NUM! | F240: 3.7593104 | G240: 1.892485 | H240: 0.16897125 | I240: 0 | J240: 0.067153977 | K240: 0 | L240: 0 | M240: 0 | N240: 0 | O240: 0 | P240: -0.02246064 | Q240: -0.041862082 | R240: 0 | S240: -0.00028522017 | T240: 0 | U240: 0 | V240: -7.2875173e-05 | W240: 0 | X240: 0 | Y240: #NUM! | Z240: #NUM! | AA240: 5.7969121 | AB240: -0.064691096 | AC240: 5.7362652 | AD240: 0 | AE240: 0
A241: 2029 Q4 | B241: projection | C241: 0 | D241: #NUM! | E241: #NUM! | F241: 3.7128361 | G241: 1.8749498 | H241: 0.172725 | I241: 0 | J241: 0.066312711 | K241: 0 | L241: 0 | M241: 0 | N241: 0 | O241: 0 | P241: -0.01802375 | Q241: -0.038309359 | R241: 0 | S241: -0.00018826297 | T241: 0 | U241: 0 | V241: -7.1497955e-05 | W241: 0 | X241: 0 | Y241: #NUM! | Z241: #NUM! | AA241: 5.7375089 | AB241: -0.056600389 | AC241: 5.6844083 | AD241: 0 | AE241: 0
A242: 2030 Q1 | B242: projection | C242: 0 | D242: #NUM! | E242: #NUM! | F242: 0 | G242: 0 | H242: 0.17116319 | I242: 0 | J242: 0.06493611 | K242: 0 | L242: 0 | M242: 0 | N242: 0 | O242: 0 | P242: 0 | Q242: -0.030409347 | R242: 0 | S242: -9.4038443e-05 | T242: 0 | U242: 0 | V242: 0 | W242: 0 | X242: 0 | Y242: #NUM! | Z242: #NUM! | AA242: 0.23598093 | AB242: -0.030503416 | AC242: 0.20555417 | AD242: 0 | AE242: 0
A243: 2030 Q2 | B243: projection | C243: 0 | D243: #NUM! | E243: #NUM! | F243: 0 | G243: 0 | H243: 0.16931354 | I243: 0 | J243: 0.063685793 | K243: 0 | L243: 0 | M243: 0 | N243: 0 | O243: 0 | P243: 0 | Q243: -0.029810216 | R243: 0 | S243: 0 | T243: 0 | U243: 0 | V243: 0 | W243: 0 | X243: 0 | Y243: #NUM! | Z243: #NUM! | AA243: 0.2328845 | AB243: -0.029810216 | AC243: 0.20314821 | AD243: 0 | AE243: 0
A244: 2030 Q3 | B244: projection | C244: 0 | D244: #NUM! | E244: #NUM! | F244: 0 | G244: 0 | H244: 0.16762336 | I244: 0 | J244: 0.062399364 | K244: 0 | L244: 0 | M244: 0 | N244: 0 | O244: 0 | P244: 0 | Q244: -0.029246372 | R244: 0 | S244: 0 | T244: 0 | U244: 0 | V244: 0 | W244: 0 | X244: 0 | Y244: #NUM! | Z244: #NUM! | AA244: 0.22991141 | AB244: -0.029246372 | AC244: 0.20073659 | AD244: 0 | AE244: 0
A245: 2030 Q4 | B245: projection | C245: 0 | D245: #NUM! | E245: #NUM! | F245: 0 | G245: 0 | H245: 0.1658532 | I245: 0 | J245: 0.061594975 | K245: 0 | L245: 0 | M245: 0 | N245: 0 | O245: 0 | P245: 0 | Q245: -0.028673539 | R245: 0 | S245: 0 | T245: 0 | U245: 0 | V245: 0 | W245: 0 | X245: 0 | Y245: #NUM! | Z245: #NUM! | AA245: 0.22733944 | AB245: -0.028673539 | AC245: 0.19873528 | AD245: 0 | AE245: 0
A246: 2031 Q1 | B246: projection | C246: 0 | D246: #NUM! | E246: #NUM! | F246: 0 | G246: 0 | H246: 0 | I246: 0 | J246: 0 | K246: 0 | L246: 0 | M246: 0 | N246: 0 | O246: 0 | P246: 0 | Q246: -0.0096222528 | R246: 0 | S246: 0 | T246: 0 | U246: 0 | V246: 0 | W246: 0 | X246: 0 | Y246: #NUM! | Z246: #NUM! | AA246: 0 | AB246: -0.0096222528 | AC246: -0.0096222528 | AD246: 0 | AE246: 0
... A260: 2034 Q3 | B260: projection | C260: 0 | D260: #NUM! | E260: #NUM! | F260: 0 | G260: 0 | H260: 0 | I260: 0 | J260: 0 | K260: 0 | L260: 0 | M260: 0 | N260: 0 | O260: 0 | P260: 0 | Q260: 0 | R260: 0 | S260: 0 | T260: 0 | U260: 0 | V260: 0 | W260: 0 | X260: 0 | Y260: #NUM! | Z260: #NUM! | AA260: 0 | AB260: 0 | AC260: 0 | AD260: 0 | AE260: 0

Sheet 02-2026
A1: date | B1: id | C1: recession | D1: federal_purchases_contribution | E1: state_purchases_contribution | F1: federal_non_corporate_taxes_contribution | G1: state_non_corporate_taxes_contribution | H1: federal_corporate_taxes_contribution | I1: supply_side_ira_contribution | J1: state_corporate_taxes_contribution | K1: federal_social_benefits_contribution | L1: state_social_benefits_contribution | M1: rebate_checks_contribution | N1: rebate_checks_arp_contribution | O1: federal_ui_contribution | P1: state_ui_contribution | Q1: federal_subsidies_contribution | R1: federal_aid_to_small_businesses_arp_contribution | S1: federal_other_direct_aid_arp_contribution | T1: federal_other_vulnerable_arp_contribution | U1: federal_student_loans_contribution | V1: state_subsidies_contribution | W1: federal_health_outlays_contribution | X1: state_health_outlays_contribution | Y1: federal_contribution | Z1: state_contribution | AA1: taxes_contribution | AB1: transfers_contribution | AC1: consumption_contribution | AD1: fiscal_impact_measure | AE1: fiscal_impact_4q_ma
A2: 1970 Q1 | B2: historical | C2: 1 | AD2: 0
A3: 1970 Q2 | B3: historical | C3: 1 | D3: -1.7548435 | E3: -0.12427929 | F3: -7.580521 | G3: -4.2098198 | H3: -0.35243073 | I3: 0 | J3: -0.048183824 | K3: 3.9967659 | L3: 0.90189755 | M3: 0 | N3: 0 | O3: 0 | P3: 0.48120372 | Q3: 0.080203002 | R3: 0 | S3: 0 | T3: 0 | U3: 0 | V3: 0 | W3: 0.63107539 | X3: 0.46526764 | Y3: -1.9556283 | Z3: 0.076505461 | AA3: -12.612934 | AB3: 6.4076086 | AC3: -5.2664518 | AD3: -7.1455746
A4: 1970 Q3 | B4: historical | C4: 1 | D4: -1.0299957 | E4: 0.66243906 | F4: -3.2914888 | G4: -2.1014474 | H4: -0.35602258 | I4: 0 | J4: -0.04836946 | K4: 3.7857719 | L4: 0.94243042 | M4: 0 | N4: 0 | O4: 0 | P4: 0.29944028 | Q4: 0.07191729 | R4: 0 | S4: 0 | T4: 0 | U4: 0 | V4: 0 | W4: 0.62509544 | X4: 0.48088826 | Y4: -1.2534659 | Z4: 0.88590921 | AA4: -5.9022783 | AB4: 6.0745224 | AC4: 0.58846457 | AD4: 0.22090793
A5: 1970 Q4 | B5: historical | C5: 1 | D5: -0.61479788 | E5: -0.11774379 | F5: -3.0380653 | G5: -1.9851975 | H5: -0.31542952 | I5: 0 | J5: -0.042562611 | K5: 3.688938 | L5: 0.93003041 | M5: 0 | N5: 0 | O5: 0 | P5: 0.28867977 | Q5: 0.065005064 | R5: 0 | S5: 0 | T5: 0 | U5: 0 | V5: 0 | W5: 0.59989771 | X5: 0.47409794 | Y5: -0.63226348 | Z5: -0.10027819 | AA5: -5.4744794 | AB5: 5.9183234 | AC5: 0.83228506 | AD5: 0.099743394 | AE5: -1.7062308
A6: 1971 Q1 | B6: historical | C6: -1 | D6: -1.945773 | E6: -0.16683682 | F6: -3.3950108 | G6: -2.1648734 | H6: -0.3742031 | I6: 0 | J6: -0.051215801 | K6: 0.53918813 | L6: 0.1488116 | M6: 0 | N6: 0 | O6: 0 | P6: 0.2254341 | Q6: 0.057395485 | R6: 0 | S6: 0 | T6: 0 | U6: 0 | V6: 0 | W6: 0.026323953 | X6: 0.073649305 | Y6: -1.7926951 | Z6: -0.31991467 | AA6: -6.0920539 | AB6: 1.0665332 | AC6: -4.9544224 | AD6: -7.0670322 | AE6: -3.4729889
A7: 1971 Q2 | B7: historical | C7: -1 | D7: -0.89525955 | E7: -0.01816226 | F7: -3.1191993 | G7: -2.0515159 | H7: -0.35056956 | I7: 0 | J7: -0.047861147 | K7: 0.30292671 | L7: 0.11187412 | M7: 0 | N7: 0 | O7: 0 | P7: 0.19042916 | Q7: 0.053963058 | R7: 0 | S7: 0 | T7: 0 | U7: 0 | V7: 0 | W7: 0.018765224 | X7: 0.071983927 | Y7: -0.64307784 | Z7: -0.27034397 | AA7: -5.6664377 | AB7: 0.74755477 | AC7: -4.870389 | AD7: -5.7838108 | AE7: -3.1325479
A8: 1971 Q3 | B8: historical | C8: -1 | D8: -0.59814334 | E8: -0.21524273 | F8: -3.0516913 | G8: -2.0548441 | H8: -0.32636179 | I8: 0 | J8: -0.048493159 | K8: 0.35714654 | L8: 0.070458748 | M8: 0 | N8: 0 | O8: 0 | P8: 0.10049849 | Q8: 0.046548481 | R8: 0 | S8: 0 | T8: 0 | U8: 0 | V8: 0 | W8: 0.020895107 | X8: 0.071129111 | Y8: -0.84302933 | Z8: 0.02964325 | AA8: -5.5763377 | AB8: 0.66496249 | AC8: -4.868557 | AD8: -5.6819431 | AE8: -4.6082607
A9: 1971 Q4 | B9: historical | C9: -1 | D9: -1.5680938 | E9: 0.23299282 | F9: -3.1713659 | G9: -2.1518862 | H9: -0.3312153 | I9: 0 | J9: -0.049803549 | K9: 0.31526096 | L9: 0.057953588 | M9: 0 | N9: 0 | O9: 0 | P9: 0.02648576 | Q9: 0.049501449 | R9: 0 | S9: 0 | T9: 0 | U9: 0 | V9: 0 | W9: 0.029127494 | X9: 0.084856372 | Y9: -1.6463327 | Z9: 0.31123175 | AA9: -5.8050316 | AB9: 0.56202341 | AC9: -5.2060493 | AD9: -6.5411503 | AE9: -6.2684841
A10: 1972 Q1 | B10: historical | C10: -1 | D10: 0.020416086 | E10: -0.26507452 | F10: -0.29598737 | G10: -0.23925812 | H10: -0.33184719 | I10: 0 | J10: -0.052966884 | K10: 0.31196325 | L10: 0.029776835 | M10: 0 | N10: 0 | O10: 0 | P10: 0.023259767 | Q10: 0.061460678 | R10: 0 | S10: 0 | T10: 0 | U10: 0 | V10: 0 | W10: 0.0083365205 | X10: 0.089151338 | Y10: -0.029666752 | Z10: -0.21499169 | AA10: -0.92337308 | AB10: 0.52302528 | AC10: -0.39491498 | AD10: -0.63957342 | AE10: -4.6616194
A11: 1972 Q2 | B11: historical | C11: -1 | D11: 0.075108262 | E11: -0.4576477 | F11: -0.4665551 | G11: -0.36274885 | H11: -0.33193952 | I11: 0 | J11: -0.052373099 | K11: -0.15583639 | L11: 0.030418907 | M11: 0 | N11: 0 | O11: 0 | P11: 0.052892251 | Q11: 0.059026651 | R11: 0 | S11: 0 | T11: 0 | U11: 0 | V11: 0.0017328578 | W11: 0.019289379 | X11: 0.079077975 | Y11: -0.10856347 | Z11: -0.27397597 | AA11: -1.219333 | AB11: 0.086774517 | AC11: -1.1313639 | AD11: -1.5139033 | AE11: -3.5941425
A12: 1972 Q3 | B12: historical | C12: -1 | D12: -2.3162693 | E12: 0.028269149 | F12: -0.13148165 | G12: -0.2408922 | H12: -0.31912492 | I12: 0 | J12: -0.050803499 | K12: -0.065131231 | L12: 0.023648849 | M12: 0 | N12: 0 | O12: 0 | P12: -0.093426118 | Q12: 0.068790308 | R12: 0 | S12: 0 | T12: 0 | U12: 0 | V12: 0.0014227071 | W12: 0.017744627 | X12: 0.091080582 | Y12: -1.873453 | Z12: -0.41454709 | AA12: -0.7444168 | AB12: 0.044271637 | AC12: -0.69977021 | AD12: -2.9877703 | AE12: -2.9205993
A13: 1972 Q4 | B13: historical | C13: -1 | D13: -0.24031746 | E13: 0.25518744 | F13: -0.21531861 | G13: -0.24661212 | H13: -0.35549169 | I13: 0 | J13: -0.055915084 | K13: 0.70300444 | L13: 0.0089595592 | M13: 0 | N13: 0 | O13: 0 | P13: -0.21756093 | Q13: 0.062660217 | R13: 0 | S13: 0 | T13: 0 | U13: 0 | V13: 0.0013275113 | W13: 0.025769838 | X13: 0.052130311 | Y13: -0.62384399 | Z13: 0.63871398 | AA13: -0.87623222 | AB13: 0.63708204 | AC13: -0.2330085 | AD13: -0.21813851 | AE13: -1.3398464
A14: 1973 Q1 | B14: historical | C14: -1 | D14: 0.22407646 | E14: -0.18206587 | F14: -0.51231308 | G14: -0.15635345 | H14: -0.053589259 | I14: 0 | J14: -0.012245043 | K14: 0.6024822 | L14: -0.024028935 | M14: 0 | N14: 0 | O14: 0 | P14: -0.17742661 | Q14: 0.0080772406 | R14: 0 | S14: 0 | T14: 0 | U14: 0 | V14: 0.0011707433 | W14: 0.020550525 | X14: 0.03901465 | Y14: 0.1874745 | Z14: -0.14546391 | AA14: -0.73587688 | AB14: 0.47081282 | AC14: -0.26124226 | AD14: -0.21923167 | AE14: -1.234761
A15: 1973 Q2 | B15: historical | C15: -1 | D15: -1.0636497 | E15: -0.30941299 | F15: -0.26637234 | G15: 0.056907182 | H15: -0.020171548 | I15: 0 | J15: -0.0088433761 | K15: 0.52970366 | L15: -0.051827823 | M15: 0 | N15: 0 | O15: 0 | P15: -0.13320688 | Q15: -0.0019466851 | R15: 0 | S15: 0 | T15: 0 | U15: 0 | V15: 0.00089020535 | W15: 0.020025679 | X15: 0.044972104 | Y15: -0.97180581 | Z15: -0.40125687 | AA15: -0.23837658 | AB15: 0.40940384 | AC15: 0.17216207 | AD15: -1.2009006 | AE15: -1.1565103
A16: 1973 Q3 | B16: historical | C16: -1 | D16: -1.7906635 | E16: 0.071918352 | F16: -0.18364898 | G16: 0.037489271 | H16: 0.0070606083 | I16: 0 | J16: -0.0055615481 | K16: 0.5104406 | L16: -0.06236558 | M16: 0 | N16: 0 | O16: 0 | P16: -0.087689251 | Q16: -0.015296599 | R16: 0 | S16: 0 | T16: 0 | U16: 0 | V16: 0.00085283836 | W16: 0.040061957 | X16: 0.0095745679 | Y16: -2.0856769 | Z16: 0.3669318 | AA16: -0.14457803 | AB16: 0.39625925 | AC16: 0.25234438 | AD16: -1.4664007 | AE16: -0.77616788
... A234: 2028 Q1 | B234: projection | C234: 0 | D234: -6.2014883 | E234: -10.788008 | F234: 7.6938401 | G234: 3.9642237 | H234: 0.20912779 | I234: -0.61627116 | J234: 0.082329543 | K234: -7.5223502 | L234: -0.67787657 | M234: 0 | N234: 0 | O234: 0 | P234: -0.092782707 | Q234: -0.068468348 | R234: 0.00019417131 | S234: -0.00099481221 | T234: 0 | U234: 0.020197768 | V234: -0.00023946564 | W234: -6.2693064 | X234: -1.1688766 | Y234: -7.7026526 | Z234: -9.2868436 | AA234: 11.042558 | AB234: -16.579257 | AC234: -3.5944957 | AD234: -20.583992 | AE234: -5.5859635
A235: 2028 Q2 | B235: projection | C235: 0 | D235: #NUM! | E235: #NUM! | F235: 7.5844911 | G235: 3.9226175 | H235: 0.20489105 | I235: 0 | J235: 0.080029971 | K235: -7.4245624 | L235: -0.67272902 | M235: 0 | N235: 0 | O235: 0 | P235: -0.078094878 | Q235: -0.060810763 | R235: 0.00019004257 | S235: -0.00058624 | T235: 0 | U235: 0.018785945 | V235: -0.00023437369 | W235: -6.2121515 | X235: -1.1499524 | Y235: #NUM! | Z235: #NUM! | AA235: 11.432529 | AB235: -16.358746 | AC235: -2.9366008 | AD235: 0 | AE235: -5.4362877
A236: 2028 Q3 | B236: projection | C236: 0 | D236: #NUM! | E236: #NUM! | F236: 3.7926053 | G236: 1.9659511 | H236: 0.098713168 | I236: 0 | J236: 0.072051526 | K236: -7.3368078 | L236: -0.66847257 | M236: 0 | N236: 0 | O236: 0 | P236: -0.07314786 | Q236: -0.05754694 | R236: 0.00018621368 | S236: -0.00058330878 | T236: 0 | U236: 0.011934262 | V236: -0.00022965139 | W236: -6.1644959 | X236: -1.1344678 | Y236: #NUM! | Z236: #NUM! | AA236: 5.83823 | AB236: -16.187386 | AC236: -9.3543131 | AD236: 0 | AE236: -5.3070464
A237: 2028 Q4 | B237: projection | C237: 0 | D237: #NUM! | E237: #NUM! | F237: 3.7407466 | G237: 1.9459696 | H237: 0.19326941 | I237: 0 | J237: 0.069213015 | K237: -7.1902159 | L237: -0.66439372 | M237: 0 | N237: 0 | O237: 0 | P237: -0.068337422 | Q237: -0.048313925 | R237: 0.00042933676 | S237: -0.00058274122 | T237: 0 | U237: 0.0065791825 | V237: -0.00022503454 | W237: -6.0554983 | X237: -1.1207768 | Y237: #NUM! | Z237: #NUM! | AA237: 5.8544539 | AB237: -15.878723 | AC237: -9.0443852 | AD237: 0 | AE237: -5.145998
A238: 2029 Q1 | B238: projection | C238: 0 | D238: #NUM! | E238: #NUM! | F238: 3.8367147 | G238: 1.9274836 | H238: 0.1846897 | I238: 0 | J238: 0.069193699 | K238: 0 | L238: 0 | M238: 0 | N238: 0 | O238: 0 | P238: -0.040628447 | Q238: -0.045268519 | R238: 0 | S238: -0.00048665102 | T238: 0 | U238: 0.0064569106 | V238: -7.5593588e-05 | W238: 0 | X238: 0 | Y238: #NUM! | Z238: #NUM! | AA238: 5.9224811 | AB238: -0.080016505 | AC238: 5.847585 | AD238: 0 | AE238: -8.8817842e-16
A239: 2029 Q2 | B239: projection | C239: 0 | D239: #NUM! | E239: #NUM! | F239: 3.7884497 | G239: 1.9083032 | H239: 0.17647424 | I239: 0 | J239: 0.068069084 | K239: 0 | L239: 0 | M239: 0 | N239: 0 | O239: 0 | P239: -0.02227703 | Q239: -0.045658603 | R239: 0 | S239: -0.00038425716 | T239: 0 | U239: 0.0050771435 | V239: -7.4150592e-05 | W239: 0 | X239: 0 | Y239: #NUM! | Z239: #NUM! | AA239: 5.8482908 | AB239: -0.063324387 | AC239: 5.7889658 | AD239: 0 | AE239: -8.8817842e-16
A240: 2029 Q3 | B240: projection | C240: 0 | D240: #NUM! | E240: #NUM! | F240: 3.7425703 | G240: 1.8908034 | H240: 0.16871597 | I240: 0 | J240: 0.067052489 | K240: 0 | L240: 0 | M240: 0 | N240: 0 | O240: 0 | P240: -0.022426687 | Q240: -0.045248022 | R240: 0 | S240: -0.00028478903 | T240: 0 | U240: 0 | V240: -7.2765016e-05 | W240: 0 | X240: 0 | Y240: #NUM! | Z240: #NUM! | AA240: 5.7785576 | AB240: -0.068043356 | AC240: 5.714757 | AD240: 0 | AE240: -8.8817842e-16
A241: 2029 Q4 | B241: projection | C241: 0 | D241: #NUM! | E241: #NUM! | F241: 3.6962008 | G241: 1.873286 | H241: 0.17246405 | I241: 0 | J241: 0.066212494 | K241: 0 | L241: 0 | M241: 0 | N241: 0 | O241: 0 | P241: -0.017996504 | Q241: -0.041779263 | R241: 0 | S241: -0.00018797839 | T241: 0 | U241: 0 | V241: -7.138988e-05 | W241: 0 | X241: 0 | Y241: #NUM! | Z241: #NUM! | AA241: 5.7192667 | AB241: -0.060043323 | AC241: 5.6629264 | AD241: 0 | AE241: -8.8817842e-16
A242: 2030 Q1 | B242: projection | C242: 0 | D242: #NUM! | E242: #NUM! | F242: 0 | G242: 0 | H242: 0.1709046 | I242: 0 | J242: 0.064837974 | K242: 0 | L242: 0 | M242: 0 | N242: 0 | O242: 0 | P242: 0 | Q242: -0.03397344 | R242: 0 | S242: -9.3896296e-05 | T242: 0 | U242: 0 | V242: 0 | W242: 0 | X242: 0 | Y242: #NUM! | Z242: #NUM! | AA242: 0.23562449 | AB242: -0.03406737 | AC242: 0.20164266 | AD242: 0 | AE242: -8.8817842e-16
A243: 2030 Q2 | B243: projection | C243: 0 | D243: #NUM! | E243: #NUM! | F243: 0 | G243: 0 | H243: 0.16905775 | I243: 0 | J243: 0.063589545 | K243: 0 | L243: 0 | M243: 0 | N243: 0 | O243: 0 | P243: 0 | Q243: -0.033304076 | R243: 0 | S243: 0 | T243: 0 | U243: 0 | V243: 0 | W243: 0 | X243: 0 | Y243: #NUM! | Z243: #NUM! | AA243: 0.23253274 | AB243: -0.033304076 | AC243: 0.19931118 | AD243: 0 | AE243: -8.8817842e-16
A244: 2030 Q3 | B244: projection | C244: 0 | D244: #NUM! | E244: #NUM! | F244: 0 | G244: 0 | H244: 0.16737012 | I244: 0 | J244: 0.062305061 | K244: 0 | L244: 0 | M244: 0 | N244: 0 | O244: 0 | P244: 0 | Q244: -0.032674136 | R244: 0 | S244: 0 | T244: 0 | U244: 0 | V244: 0 | W244: 0 | X244: 0 | Y244: #NUM! | Z244: #NUM! | AA244: 0.22956413 | AB244: -0.032674136 | AC244: 0.19696987 | AD244: 0 | AE244: -8.8817842e-16
A245: 2030 Q4 | B245: projection | C245: 0 | D245: #NUM! | E245: #NUM! | F245: 0 | G245: 0 | H245: 0.16560263 | I245: 0 | J245: 0.061501887 | K245: 0 | L245: 0 | M245: 0 | N245: 0 | O245: 0 | P245: 0 | Q245: -0.032034153 | R245: 0 | S245: 0 | T245: 0 | U245: 0 | V245: 0 | W245: 0 | X245: 0 | Y245: #NUM! | Z245: #NUM! | AA245: 0.22699604 | AB245: -0.032034153 | AC245: 0.19503933 | AD245: 0 | AE245: -8.8817842e-16
A246: 2031 Q1 | B246: projection | C246: 0 | D246: #NUM! | E246: #NUM! | F246: 0 | G246: 0 | H246: 0 | I246: 0 | J246: 0 | K246: 0 | L246: 0 | M246: 0 | N246: 0 | O246: 0 | P246: 0 | Q246: -0.010749878 | R246: 0 | S246: 0 | T246: 0 | U246: 0 | V246: 0 | W246: 0 | X246: 0 | Y246: #NUM! | Z246: #NUM! | AA246: 0 | AB246: -0.010749878 | AC246: -0.010749878 | AD246: 0 | AE246: -8.8817842e-16
... A260: 2034 Q3 | B260: projection | C260: 0 | D260: #NUM! | E260: #NUM! | F260: 0 | G260: 0 | H260: 0 | I260: 0 | J260: 0 | K260: 0 | L260: 0 | M260: 0 | N260: 0 | O260: 0 | P260: 0 | Q260: 0 | R260: 0 | S260: 0 | T260: 0 | U260: 0 | V260: 0 | W260: 0 | X260: 0 | Y260: #NUM! | Z260: #NUM! | AA260: 0 | AB260: 0 | AC260: 0 | AD260: 0 | AE260: -8.8817842e-16

Sheet diff
A1: date | B1: id | C1: recession | D1: federal_purchases_contribution | E1: state_purchases_contribution | F1: federal_non_corporate_taxes_contribution | G1: state_non_corporate_taxes_contribution | H1: federal_corporate_taxes_contribution | I1: supply_side_ira_contribution | J1: state_corporate_taxes_contribution | K1: federal_social_benefits_contribution | L1: state_social_benefits_contribution | M1: rebate_checks_contribution | N1: rebate_checks_arp_contribution | O1: federal_ui_contribution | P1: state_ui_contribution | Q1: federal_subsidies_contribution | R1: federal_aid_to_small_businesses_arp_contribution | S1: federal_other_direct_aid_arp_contribution | T1: federal_other_vulnerable_arp_contribution | U1: federal_student_loans_contribution | V1: state_subsidies_contribution | W1: federal_health_outlays_contribution | X1: state_health_outlays_contribution | Y1: federal_contribution | Z1: state_contribution | AA1: taxes_contribution | AB1: transfers_contribution | AC1: consumption_contribution | AD1: fiscal_impact_measure | AE1: fiscal_impact_4q_ma
A2: 1970 Q1 | B2: historical | C2: 1 | D2: ='03-2026'!D2-'02-2026'!D2 -> 0 | E2: ='03-2026'!E2-'02-2026'!E2 -> 0 | F2: ='03-2026'!F2-'02-2026'!F2 -> 0 | G2: ='03-2026'!G2-'02-2026'!G2 -> 0 | H2: ='03-2026'!H2-'02-2026'!H2 -> 0 | I2: ='03-2026'!I2-'02-2026'!I2 -> 0 | J2: ='03-2026'!J2-'02-2026'!J2 -> 0 | K2: ='03-2026'!K2-'02-2026'!K2 -> 0 | ... AI2: ='03-2026'!AI2-'02-2026'!AI2 -> 0
A3: 1970 Q2 | B3: historical | C3: 1 | D3: ='03-2026'!D3-'02-2026'!D3 -> 0 | E3: ='03-2026'!E3-'02-2026'!E3 -> 0 | F3: ='03-2026'!F3-'02-2026'!F3 -> 0 | G3: ='03-2026'!G3-'02-2026'!G3 -> 0 | H3: ='03-2026'!H3-'02-2026'!H3 -> 0 | I3: ='03-2026'!I3-'02-2026'!I3 -> 0 | J3: ='03-2026'!J3-'02-2026'!J3 -> 0 | K3: ='03-2026'!K3-'02-2026'!K3 -> 0 | ... AI3: ='03-2026'!AI3-'02-2026'!AI3 -> 0
A4: 1970 Q3 | B4: historical | C4: 1 | D4: ='03-2026'!D4-'02-2026'!D4 -> 0 | E4: ='03-2026'!E4-'02-2026'!E4 -> 0 | F4: ='03-2026'!F4-'02-2026'!F4 -> 0 | G4: ='03-2026'!G4-'02-2026'!G4 -> 0 | H4: ='03-2026'!H4-'02-2026'!H4 -> 0 | I4: ='03-2026'!I4-'02-2026'!I4 -> 0 | J4: ='03-2026'!J4-'02-2026'!J4 -> 0 | K4: ='03-2026'!K4-'02-2026'!K4 -> 0 | ... AI4: ='03-2026'!AI4-'02-2026'!AI4 -> 0
A5: 1970 Q4 | B5: historical | C5: 1 | D5: ='03-2026'!D5-'02-2026'!D5 -> 0 | E5: ='03-2026'!E5-'02-2026'!E5 -> 0 | F5: ='03-2026'!F5-'02-2026'!F5 -> 0 | G5: ='03-2026'!G5-'02-2026'!G5 -> 0 | H5: ='03-2026'!H5-'02-2026'!H5 -> 0 | I5: ='03-2026'!I5-'02-2026'!I5 -> 0 | J5: ='03-2026'!J5-'02-2026'!J5 -> 0 | K5: ='03-2026'!K5-'02-2026'!K5 -> 0 | ... AI5: ='03-2026'!AI5-'02-2026'!AI5 -> 0
A6: 1971 Q1 | B6: historical | C6: -1 | D6: ='03-2026'!D6-'02-2026'!D6 -> 0 | E6: ='03-2026'!E6-'02-2026'!E6 -> 0 | F6: ='03-2026'!F6-'02-2026'!F6 -> 0 | G6: ='03-2026'!G6-'02-2026'!G6 -> 0 | H6: ='03-2026'!H6-'02-2026'!H6 -> 0 | I6: ='03-2026'!I6-'02-2026'!I6 -> 0 | J6: ='03-2026'!J6-'02-2026'!J6 -> 0 | K6: ='03-2026'!K6-'02-2026'!K6 -> 0 | ... AI6: ='03-2026'!AI6-'02-2026'!AI6 -> 0
A7: 1971 Q2 | B7: historical | C7: -1 | D7: ='03-2026'!D7-'02-2026'!D7 -> 0 | E7: ='03-2026'!E7-'02-2026'!E7 -> 0 | F7: ='03-2026'!F7-'02-2026'!F7 -> 0 | G7: ='03-2026'!G7-'02-2026'!G7 -> 0 | H7: ='03-2026'!H7-'02-2026'!H7 -> 0 | I7: ='03-2026'!I7-'02-2026'!I7 -> 0 | J7: ='03-2026'!J7-'02-2026'!J7 -> 0 | K7: ='03-2026'!K7-'02-2026'!K7 -> 0 | ... AI7: ='03-2026'!AI7-'02-2026'!AI7 -> 0
A8: 1971 Q3 | B8: historical | C8: -1 | D8: ='03-2026'!D8-'02-2026'!D8 -> 0 | E8: ='03-2026'!E8-'02-2026'!E8 -> 0 | F8: ='03-2026'!F8-'02-2026'!F8 -> 0 | G8: ='03-2026'!G8-'02-2026'!G8 -> 0 | H8: ='03-2026'!H8-'02-2026'!H8 -> 0 | I8: ='03-2026'!I8-'02-2026'!I8 -> 0 | J8: ='03-2026'!J8-'02-2026'!J8 -> 0 | K8: ='03-2026'!K8-'02-2026'!K8 -> 0 | ... AI8: ='03-2026'!AI8-'02-2026'!AI8 -> 0
A9: 1971 Q4 | B9: historical | C9: -1 | D9: ='03-2026'!D9-'02-2026'!D9 -> 0 | E9: ='03-2026'!E9-'02-2026'!E9 -> 0 | F9: ='03-2026'!F9-'02-2026'!F9 -> 0 | G9: ='03-2026'!G9-'02-2026'!G9 -> 0 | H9: ='03-2026'!H9-'02-2026'!H9 -> 0 | I9: ='03-2026'!I9-'02-2026'!I9 -> 0 | J9: ='03-2026'!J9-'02-2026'!J9 -> 0 | K9: ='03-2026'!K9-'02-2026'!K9 -> 0 | ... AI9: ='03-2026'!AI9-'02-2026'!AI9 -> 0
A10: 1972 Q1 | B10: historical | C10: -1 | D10: ='03-2026'!D10-'02-2026'!D10 -> 0 | E10: ='03-2026'!E10-'02-2026'!E10 -> 0 | F10: ='03-2026'!F10-'02-2026'!F10 -> 0 | G10: ='03-2026'!G10-'02-2026'!G10 -> 0 | H10: ='03-2026'!H10-'02-2026'!H10 -> 0 | I10: ='03-2026'!I10-'02-2026'!I10 -> 0 | J10: ='03-2026'!J10-'02-2026'!J10 -> 0 | K10: ='03-2026'!K10-'02-2026'!K10 -> 0 | ... AI10: ='03-2026'!AI10-'02-2026'!AI10 -> 0
A11: 1972 Q2 | B11: historical | C11: -1 | D11: ='03-2026'!D11-'02-2026'!D11 -> 0 | E11: ='03-2026'!E11-'02-2026'!E11 -> 0 | F11: ='03-2026'!F11-'02-2026'!F11 -> 0 | G11: ='03-2026'!G11-'02-2026'!G11 -> 0 | H11: ='03-2026'!H11-'02-2026'!H11 -> 0 | I11: ='03-2026'!I11-'02-2026'!I11 -> 0 | J11: ='03-2026'!J11-'02-2026'!J11 -> 0 | K11: ='03-2026'!K11-'02-2026'!K11 -> 0 | ... AI11: ='03-2026'!AI11-'02-2026'!AI11 -> 0
A12: 1972 Q3 | B12: historical | C12: -1 | D12: ='03-2026'!D12-'02-2026'!D12 -> 0 | E12: ='03-2026'!E12-'02-2026'!E12 -> 0 | F12: ='03-2026'!F12-'02-2026'!F12 -> 0 | G12: ='03-2026'!G12-'02-2026'!G12 -> 0 | H12: ='03-2026'!H12-'02-2026'!H12 -> 0 | I12: ='03-2026'!I12-'02-2026'!I12 -> 0 | J12: ='03-2026'!J12-'02-2026'!J12 -> 0 | K12: ='03-2026'!K12-'02-2026'!K12 -> 0 | ... AI12: ='03-2026'!AI12-'02-2026'!AI12 -> 0
A13: 1972 Q4 | B13: historical | C13: -1 | D13: ='03-2026'!D13-'02-2026'!D13 -> 0 | E13: ='03-2026'!E13-'02-2026'!E13 -> 0 | F13: ='03-2026'!F13-'02-2026'!F13 -> 0 | G13: ='03-2026'!G13-'02-2026'!G13 -> 0 | H13: ='03-2026'!H13-'02-2026'!H13 -> 0 | I13: ='03-2026'!I13-'02-2026'!I13 -> 0 | J13: ='03-2026'!J13-'02-2026'!J13 -> 0 | K13: ='03-2026'!K13-'02-2026'!K13 -> 0 | ... AI13: ='03-2026'!AI13-'02-2026'!AI13 -> 0
... A260: 2034 Q3 | B260: projection | C260: 0 | D260: ='03-2026'!D260-'02-2026'!D260 -> #NUM! | E260: ='03-2026'!E260-'02-2026'!E260 -> #NUM! | F260: ='03-2026'!F260-'02-2026'!F260 -> 0 | G260: ='03-2026'!G260-'02-2026'!G260 -> 0 | H260: ='03-2026'!H260-'02-2026'!H260 -> 0 | I260: ='03-2026'!I260-'02-2026'!I260 -> 0 | J260: ='03-2026'!J260-'02-2026'!J260 -> 0 | K260: ='03-2026'!K260-'02-2026'!K260 -> 0 | ... AI260: ='03-2026'!AI260-'02-2026'!AI260 -> 0
