Workbook

Sheet back from june
A1: date | B1: id | C1: recession | D1: federal_purchases_contribution | E1: state_purchases_contribution | F1: federal_non_corporate_taxes_contribution | G1: state_non_corporate_taxes_contribution | H1: federal_corporate_taxes_contribution | I1: supply_side_ira_contribution | J1: state_corporate_taxes_contribution | K1: federal_social_benefits_contribution | L1: state_social_benefits_contribution | M1: rebate_checks_contribution | N1: rebate_checks_arp_contribution | O1: federal_ui_contribution | P1: state_ui_contribution | Q1: federal_subsidies_contribution | R1: federal_aid_to_small_businesses_arp_contribution | S1: federal_other_direct_aid_arp_contribution | T1: federal_other_vulnerable_arp_contribution | U1: federal_student_loans_contribution | V1: state_subsidies_contribution | W1: federal_health_outlays_contribution | X1: state_health_outlays_contribution | Y1: federal_contribution | Z1: state_contribution | AA1: taxes_contribution | AB1: transfers_contribution | AC1: consumption_contribution | AD1: fiscal_impact_measure | AE1: fiscal_impact_4q_ma
A2: 2023 Q2 | B2: historical | C2: -1 | D2: -0.14802611 | E2: 0.32935984 | F2: 0.40168307 | G2: 0.18603735 | H2: -0.082194087 | I2: 0.23535829 | J2: -0.041113772 | K2: -0.11030549 | L2: -0.039292217 | M2: -0.25081207 | N2: -0.42408041 | O2: -0.28390642 | P2: 0.020948001 | Q2: -0.36373095 | R2: 0.00050505984 | S2: -0.041864783 | T2: -0.096126642 | U2: -0.0080992849 | V2: -0.0008915333 | W2: 0.17103649 | X2: 0.10677014 | Y2: -0.23313551 | Z2: 0.41446924 | AA2: 0.69855453 | AB2: -1.3262928 | AC2: -0.61796281 | AD2: -0.43662908 | AE2: -0.83627525
A3: 2023 Q3 | B3: historical | C3: -1 | D3: 0.29138773 | E3: 0.20751042 | F3: 0.11335746 | G3: 0.097716049 | H3: -0.05915321 | I3: 0.2310278 | J3: -0.033405652 | K3: -0.035337896 | L3: -0.097526156 | M3: -0.033451247 | N3: -0.0077388778 | O3: -0.13051737 | P3: 0.044718453 | Q3: -0.37795185 | R3: 0.00059502736 | S3: -0.026783451 | T3: -0.096213711 | U3: -0.13797271 | V3: -6.5844159e-05 | W3: -0.080930365 | X3: 0.24636772 | Y3: -0.13834318 | Z3: 0.63724132 | AA3: 0.34932404 | AB3: -0.7341966 | AC3: -0.38219864 | AD3: 0.11669951 | AE3: -0.20616336
A4: 2023 Q4 | B4: historical | C4: -1 | D4: 0.070409519 | E4: 0.33456315 | F4: 0.084390722 | G4: 0.052044238 | H4: -0.071699906 | I4: 0.082750407 | J4: -0.037624014 | K4: -0.20119765 | L4: -0.25248893 | M4: 0 | N4: -0.0062254866 | O4: -0.0074273919 | P4: 0.025176577 | Q4: -0.16467395 | R4: -0.0057101381 | S4: -0.026574551 | T4: -0.096631639 | U4: -0.11266828 | V4: -4.6437541e-05 | W4: 0.057480661 | X4: 0.073497893 | Y4: 0.28189704 | Z4: 0.12307563 | AA4: 0.10992045 | AB4: -0.71934748 | AC4: -0.60859101 | AD4: -0.20361835 | AE4: -0.15496259
A5: 2024 Q1 | B5: historical | C5: -1 | D5: -0.095656905 | E5: 0.096940856 | F5: 0.49002857 | G5: 0.20839114 | H5: -0.060391934 | I5: 0.12732301 | J5: -0.031435769 | K5: -0.015431334 | L5: -0.024236115 | M5: 0 | N5: -0.11167712 | O5: -0.0014130479 | P5: 0.014852718 | Q5: -0.1478768 | R5: -0.0065334558 | S5: -0.037491898 | T5: -0.063307767 | U5: -0.10447089 | V5: -0.0005835965 | W5: -0.13918165 | X5: 0.13055532 | Y5: -0.14198756 | Z5: 0.14327151 | AA5: 0.73267848 | AB5: -0.50768404 | AC5: 0.2289171 | AD5: 0.23020105 | AE5: -0.073336716
A6: 2024 Q2 | B6: historical | C6: -1 | D6: 0.12347864 | E6: 0.051398583 | F6: 0.35063464 | G6: 0.18132833 | H6: -0.046919377 | I6: 0.094528727 | J6: -0.022967964 | K6: 0.17944505 | L6: 0.020341749 | M6: 0 | N6: -0.104668 | O6: -0.00067198841 | P6: 0.01260551 | Q6: -0.34619776 | R6: -0.016772232 | S6: -0.035908571 | T6: -0.050238211 | U6: -0.096103418 | V6: -0.0021619606 | W6: -0.10798661 | X6: 0.1126516 | Y6: 0.19183196 | Z6: -0.016954735 | AA6: 0.55586415 | AB6: -0.43560311 | AC6: 0.12277732 | AD6: 0.29765454 | AE6: 0.11023419
A7: 2024 Q3 | B7: historical | C7: -1 | D7: 0.4065057 | E7: 0.1366917 | F7: 0.26769889 | G7: 0.02149772 | H7: -0.043703024 | I7: -0.0953656 | J7: -0.012505799 | K7: 0.26285186 | L7: 0.049653198 | M7: 0 | N7: -0.10040558 | O7: -0.00033408507 | P7: 0.010455964 | Q7: -0.30976776 | R7: -0.06669009 | S7: -0.034038326 | T7: -0.043936535 | U7: -0.055729673 | V7: -4.4268525e-05 | W7: 0.20674712 | X7: 0.044619557 | Y7: 0.63577579 | Z7: -0.092578392 | AA7: 0.1379591 | AB7: -0.035405605 | AC7: 0.10260463 | AD7: 0.64580203 | AE7: 0.24250982
A8: 2024 Q4 | B8: historical | C8: -1 | D8: 0.13387378 | E8: 0.040840032 | F8: 0.26578106 | G8: 0.029094859 | H8: -0.034339266 | I8: -0.13372901 | J8: 0.01136901 | K8: 0.27225397 | L8: 0.016960521 | M8: 0 | N8: -0.10036427 | O8: -0.0001725724 | P8: 0.0057762572 | Q8: -0.15458604 | R8: -0.029046972 | S8: -0.022294995 | T8: -0.026522516 | U8: -0.030672088 | V8: -5.5553434e-05 | W8: 0.14998116 | X8: 0.15091666 | Y8: 0.15254838 | Z8: 0.022165438 | AA8: 0.13854798 | AB8: 0.23270567 | AC8: 0.370919 | AD8: 0.54563281 | AE8: 0.42982261
A9: 2025 Q1 | B9: historical | C9: -1 | D9: -0.51945344 | E9: -0.036329069 | F9: -0.068923508 | G9: 0.045824279 | H9: -0.0042648201 | I9: 0.0248513 | J9: 0.013575618 | K9: 0.18178302 | L9: -0.0089342835 | M9: 0 | N9: -0.096865949 | O9: 0 | P9: 0.00044613388 | Q9: -0.073745276 | R9: -0.028114584 | S9: -0.014963859 | T9: -0.010608242 | U9: -0.030099483 | V9: -0.00030217362 | W9: 0.10399977 | X9: 0.002612607 | Y9: -1.1699513 | Z9: 0.61416882 | AA9: 0.011102717 | AB9: 0.025525593 | AC9: 0.036625317 | AD9: -0.51915719 | AE9: 0.24248305
A10: 2025 Q2 | B10: historical | C10: -1 | D10: -0.49659071 | E10: 0.090506589 | F10: -0.49360352 | G10: -0.039331912 | H10: 0.0070579944 | I10: 0.1871692 | J10: 0.0019233388 | K10: 0.46724311 | L10: -0.014502786 | M10: 0 | N10: -0.094949895 | O10: 0 | P10: 0.0018247774 | Q10: -0.094999199 | R10: -0.02673731 | S10: -0.013483429 | T10: -0.010020828 | U10: -0.023738219 | V10: -0.0010380446 | W10: 0.28501646 | X10: -0.029952741 | Y10: -0.94596317 | Z10: 0.53987905 | AA10: -0.33591118 | AB10: 0.44530218 | AC10: -0.18904189 | AD10: -0.59512601 | AE10: 0.019287909
A11: 2025 Q3 | B11: projection | C11: 0 | D11: -0.10021934 | E11: -0.18895751 | F11: -0.4092773 | G11: 0.031964415 | H11: 0.0056885468 | I11: 0.18199766 | J11: 0.0069886574 | K11: 0.23748379 | L11: -0.00024409454 | M11: 0 | N11: -0.00099896094 | O11: 0 | P11: -0.0083673707 | Q11: -0.074626504 | R11: -0.026048206 | S11: -0.013810384 | T11: -0.0085423386 | U11: 9.9183753e-05 | V11: -0.00052655433 | W11: 0.21227328 | X11: -0.0040552934 | Y11: -0.15254855 | Z11: -0.13662829 | AA11: -0.18174868 | AB11: 0.31269055 | AC11: -0.16845715 | AD11: -0.457634 | AE11: -0.2565711
A12: 2025 Q4 | B12: projection | C12: 0 | D12: -0.091487923 | E12: -0.18797857 | F12: -0.36398576 | G12: 0.012855036 | H12: 0.0046392729 | I12: 0.071097532 | J12: 0.0096981954 | K12: 0.17780099 | L12: 0.026815537 | M12: 0 | N12: -0.00097192311 | O12: 0 | P12: -0.0077753446 | Q12: -0.036283497 | R12: -0.0039026384 | S12: -0.012854849 | T12: -0.0076754748 | U12: 8.8049723e-05 | V12: -0.00044546802 | W12: 0.21743899 | X12: 0.01428993 | Y12: -0.19583735 | Z12: -0.083629139 | AA12: -0.26533998 | AB12: 0.36624377 | AC12: -0.19806677 | AD12: -0.47753326 | AE12: -0.51236262
A13: 2026 Q1 | B13: projection | C13: 0 | D13: 0.094960717 | E13: -0.18679327 | F13: -0.35652685 | G13: -0.005175253 | H13: 0.0039148396 | I13: 0.31388233 | J13: 0.0065070205 | K13: 0.053993006 | L13: 0.040643938 | M13: 0 | N13: -0.00094783566 | O13: 0 | P13: -0.0071485208 | Q13: -0.0028042467 | R13: -0.0026676745 | S13: -0.014294821 | T13: -0.0070418372 | U13: -0.00017145975 | V13: -0.00041144841 | W13: 0.26109163 | X13: 0.023524589 | Y13: 0.043261335 | Z13: -0.13509389 | AA13: -0.036205697 | AB13: 0.34352831 | AC13: 0.067454913 | AD13: -0.024377637 | AE13: -0.38866773
... A18: 2027 Q2 | B18: projection | C18: 0 | D18: -0.10225671 | E18: -0.19118456 | F18: -0.20140744 | G18: 0.023800283 | H18: 0.040534928 | I18: -0.31115122 | J18: 0.004630489 | K18: 0.014279883 | L18: 0.010613895 | M18: 0 | N18: 0 | O18: 0 | P18: -0.00081672553 | Q18: 0.0025172322 | R18: -0.00028515852 | S18: -0.0010320556 | T18: -0.0015233461 | U18: -0.0052365158 | V18: -0.00031358356 | W18: 0.124428 | X18: 0.01843726 | Y18: -0.14609606 | Z18: -0.1473452 | AA18: -0.44389749 | AB18: 0.16101672 | AC18: -0.32211779 | AD18: -0.61555905 | AE18: -0.5685764

Sheet published
A1: date | B1: id | C1: recession | D1: federal_purchases_contribution | E1: state_purchases_contribution | F1: federal_non_corporate_taxes_contribution | G1: state_non_corporate_taxes_contribution | H1: federal_corporate_taxes_contribution | I1: supply_side_ira_contribution | J1: state_corporate_taxes_contribution | K1: federal_social_benefits_contribution | L1: state_social_benefits_contribution | M1: rebate_checks_contribution | N1: rebate_checks_arp_contribution | O1: federal_ui_contribution | P1: state_ui_contribution | Q1: federal_subsidies_contribution | R1: federal_aid_to_small_businesses_arp_contribution | S1: federal_other_direct_aid_arp_contribution | T1: federal_other_vulnerable_arp_contribution | U1: federal_student_loans_contribution | V1: state_subsidies_contribution | W1: federal_health_outlays_contribution | X1: state_health_outlays_contribution | Y1: federal_contribution | Z1: state_contribution | AA1: taxes_contribution | AB1: transfers_contribution | AC1: consumption_contribution | AD1: fiscal_impact_measure | AE1: fiscal_impact_4q_ma
A2: 2023 Q2 | B2: historical | C2: -1 | D2: -0.14802611 | E2: 0.32935984 | F2: 0.40168307 | G2: 0.18603735 | H2: -0.089493653 | I2: 0.23535829 | J2: -0.041113772 | K2: -0.11030549 | L2: -0.039292217 | M2: -0.25081207 | N2: -0.42408041 | O2: -0.28390642 | P2: 0.020948001 | Q2: -0.36373095 | R2: 0.00050505984 | S2: -0.041864783 | T2: -0.096126642 | U2: -0.0080992849 | V2: -0.0008915333 | W2: 0.17103649 | X2: 0.10677014 | Y2: -0.23313551 | Z2: 0.41446924 | AA2: 0.69131517 | AB2: -1.3262928 | AC2: -0.62530359 | AD2: -0.44396987 | AE2: -0.8366488
A3: 2023 Q3 | B3: historical | C3: -1 | D3: 0.29138773 | E3: 0.20751042 | F3: 0.11335746 | G3: 0.097716049 | H3: -0.070690114 | I3: 0.2310278 | J3: -0.033405652 | K3: -0.035337896 | L3: -0.097526156 | M3: -0.033451247 | N3: -0.0077388778 | O3: -0.13051737 | P3: 0.044718453 | Q3: -0.37795185 | R3: 0.00059502736 | S3: -0.026783451 | T3: -0.096213711 | U3: -0.13797271 | V3: -6.5844159e-05 | W3: -0.080930365 | X3: 0.24636772 | Y3: -0.13834318 | Z3: 0.63724132 | AA3: 0.3378363 | AB3: -0.7341966 | AC3: -0.39377437 | AD3: 0.10512378 | AE3: -0.21142278
A4: 2023 Q4 | B4: historical | C4: -1 | D4: 0.070409519 | E4: 0.33456315 | F4: 0.084390722 | G4: 0.052044238 | H4: -0.082460773 | I4: 0.082750407 | J4: -0.037624014 | K4: -0.20119765 | L4: -0.25248893 | M4: 0 | N4: -0.0062254866 | O4: -0.0074273919 | P4: 0.025176577 | Q4: -0.16467395 | R4: -0.0057101381 | S4: -0.026574551 | T4: -0.096631639 | U4: -0.11266828 | V4: -4.6437541e-05 | W4: 0.057480661 | X4: 0.073497893 | Y4: 0.28189704 | Z4: 0.12307563 | AA4: 0.09918025 | AB4: -0.71934748 | AC4: -0.61941291 | AD4: -0.21444025 | AE4: -0.16449788
A5: 2024 Q1 | B5: historical | C5: -1 | D5: -0.095656905 | E5: 0.096940856 | F5: 0.49002857 | G5: 0.20839114 | H5: -0.049307544 | I5: 0.12732301 | J5: -0.031435769 | K5: -0.015431334 | L5: -0.024236115 | M5: 0 | N5: -0.11167712 | O5: -0.0014130479 | P5: 0.014852718 | Q5: -0.1478768 | R5: -0.0065334558 | S5: -0.037491898 | T5: -0.063307767 | U5: -0.10447089 | V5: -0.0005835965 | W5: -0.13918165 | X5: 0.13055532 | Y5: -0.14198756 | Z5: 0.14327151 | AA5: 0.74367015 | AB5: -0.50768404 | AC5: 0.2399677 | AD5: 0.24125165 | AE5: -0.078008671
A6: 2024 Q2 | B6: historical | C6: -1 | D6: 0.12347864 | E6: 0.051398583 | F6: 0.35063464 | G6: 0.18132833 | H6: -0.043718432 | I6: 0.094528727 | J6: -0.022967964 | K6: 0.17944505 | L6: 0.020341749 | M6: 0 | N6: -0.104668 | O6: -0.00067198841 | P6: 0.01260551 | Q6: -0.34619776 | R6: -0.016772232 | S6: -0.035908571 | T6: -0.050238211 | U6: -0.096103418 | V6: -0.0021619606 | W6: -0.10798661 | X6: 0.1126516 | Y6: 0.19183196 | Z6: -0.016954735 | AA6: 0.55904504 | AB6: -0.43560311 | AC6: 0.12597262 | AD6: 0.30084985 | AE6: 0.10819626
A7: 2024 Q3 | B7: historical | C7: -1 | D7: 0.4065057 | E7: 0.1366917 | F7: 0.26769889 | G7: 0.02149772 | H7: -0.046904813 | I7: -0.0953656 | J7: -0.012505799 | K7: 0.26285186 | L7: 0.049653198 | M7: 0 | N7: -0.10040558 | O7: -0.00033408507 | P7: 0.010455964 | Q7: -0.30976776 | R7: -0.06669009 | S7: -0.034038326 | T7: -0.043936535 | U7: -0.055729673 | V7: -4.4268525e-05 | W7: 0.20674712 | X7: 0.044619557 | Y7: 0.63577579 | Z7: -0.092578392 | AA7: 0.1347634 | AB7: -0.035405605 | AC7: 0.099407741 | AD7: 0.64260514 | AE7: 0.2425666
A8: 2024 Q4 | B8: historical | C8: -1 | D8: 0.13387378 | E8: 0.040840032 | F8: 0.26578106 | G8: 0.029094859 | H8: -0.043595019 | I8: -0.13372901 | J8: 0.01136901 | K8: 0.27225397 | L8: 0.016960521 | M8: 0 | N8: -0.10036427 | O8: -0.0001725724 | P8: 0.0057762572 | Q8: -0.15458604 | R8: -0.029046972 | S8: -0.022294995 | T8: -0.026522516 | U8: -0.030672088 | V8: -5.5553434e-05 | W8: 0.14998116 | X8: 0.15091666 | Y8: 0.15254838 | Z8: 0.022165438 | AA8: 0.12930883 | AB8: 0.23270567 | AC8: 0.36170216 | AD8: 0.53641598 | AE8: 0.43028065
A9: 2025 Q1 | B9: historical | C9: -1 | D9: -0.51945344 | E9: -0.036329069 | F9: -0.068923508 | G9: 0.045824279 | H9: -0.029899308 | I9: 0.0248513 | J9: 0.013575618 | K9: 0.18178302 | L9: -0.0089342835 | M9: 0 | N9: -0.096865949 | O9: 0 | P9: 0.00044613388 | Q9: -0.073745276 | R9: -0.028114584 | S9: -0.014963859 | T9: -0.010608242 | U9: -0.030099483 | V9: -0.00030217362 | W9: 0.10399977 | X9: 0.002612607 | Y9: -1.1699513 | Z9: 0.61416882 | AA9: -0.014527611 | AB9: 0.025525593 | AC9: 0.011001899 | AD9: -0.54478061 | AE9: 0.23377259
A10: 2025 Q2 | B10: historical | C10: -1 | D10: -0.49659071 | E10: 0.090506589 | F10: -0.49360352 | G10: -0.039331912 | H10: -0.025092285 | I10: 0.1871692 | J10: 0.0019233388 | K10: 0.46724311 | L10: -0.014502786 | M10: 0 | N10: -0.094949895 | O10: 0 | P10: 0.0018247774 | Q10: -0.094999199 | R10: -0.02673731 | S10: -0.013483429 | T10: -0.010020828 | U10: -0.023738219 | V10: -0.0010380446 | W10: 0.28501646 | X10: -0.029952741 | Y10: -0.94596317 | Z10: 0.53987905 | AA10: -0.36817689 | AB10: 0.44530218 | AC10: -0.22115718 | AD10: -0.6272413 | AE10: 0.0017498035
A11: 2025 Q3 | B11: projection | C11: 0 | D11: 0.1631113 | E11: -0.18895751 | F11: -0.22561765 | G11: 0.031964415 | H11: 0.18003232 | I11: 0.18199766 | J11: 0.0069886574 | K11: 0.23748379 | L11: -0.00024409454 | M11: 0 | N11: -0.00099896094 | O11: 0 | P11: -0.0083673707 | Q11: -0.074626504 | R11: -0.026048206 | S11: -0.013810384 | T11: -0.0085423386 | U11: -0.029638323 | V11: -0.00052655433 | W11: 0.22450059 | X11: 0.0019343238 | Y11: 0.11078208 | Z11: -0.13662829 | AA11: 0.17582294 | AB11: 0.30124016 | AC11: 0.17650267 | AD11: 0.15065645 | AE11: -0.12123737
A12: 2025 Q4 | B12: projection | C12: 0 | D12: 0.051277427 | E12: -0.18797857 | F12: -0.18376482 | G12: 0.012855036 | H12: 0.061325208 | I12: 0.071097532 | J12: 0.0096981954 | K12: 0.15390503 | L12: 0.026815537 | M12: 0 | N12: -0.00097192311 | O12: 0 | P12: -0.0077753446 | Q12: -0.036283497 | R12: -0.0039026384 | S12: -0.012854849 | T12: -0.0076754748 | U12: -0.024548492 | V12: -0.00044546802 | W12: 0.2294708 | X12: 0.020152618 | Y12: -0.053072004 | Z12: -0.083629139 | AA12: -0.028566526 | AB12: 0.33571051 | AC12: 0.0072456089 | AD12: -0.12945553 | AE12: -0.28770525
A13: 2026 Q1 | B13: projection | C13: 0 | D13: 0.29588505 | E13: -0.18679327 | F13: -0.15788909 | G13: -0.005175253 | H13: 0.071065183 | I13: 0.31388233 | J13: 0.0065070205 | K13: 0.030623218 | L13: 0.040643938 | M13: 0 | N13: -0.00094783566 | O13: 0 | P13: -0.0071485208 | Q13: -0.0028042467 | R13: -0.0026676745 | S13: -0.014294821 | T13: -0.0070418372 | U13: -0.022803876 | V13: -0.00041144841 | W13: 0.27300491 | X13: 0.029331705 | Y13: 0.24418567 | Z13: -0.13509389 | AA13: 0.22879604 | AB13: 0.31537333 | AC13: 0.30340153 | AD13: 0.41249331 | AE13: -0.048386766
... A18: 2027 Q2 | B18: projection | C18: 0 | D18: -0.11072717 | E18: -0.19118456 | F18: -0.02983676 | G18: 0.023800283 | H18: 0.088232619 | I18: -0.31115122 | J18: 0.004630489 | K18: -0.0073764978 | L18: 0.010613895 | M18: 0 | N18: 0 | O18: 0 | P18: -0.00081672553 | Q18: 0.0025172322 | R18: -0.00028515852 | S18: -0.0010320556 | T18: -0.0015233461 | U18: -0.0095126456 | V18: -0.00031358356 | W18: 0.089169656 | X18: 0.0013236714 | Y18: -0.15456652 | Z18: -0.1473452 | AA18: -0.22402694 | AB18: 0.082771764 | AC18: -0.18105718 | AD18: -0.4829689 | AE18: -0.41458845

Sheet chase
A1: date | B1: id | C1: recession | D1: federal_purchases_contribution | E1: state_purchases_contribution | F1: federal_non_corporate_taxes_contribution | G1: state_non_corporate_taxes_contribution | H1: federal_corporate_taxes_contribution | I1: supply_side_ira_contribution | J1: state_corporate_taxes_contribution | K1: federal_social_benefits_contribution | L1: state_social_benefits_contribution | M1: rebate_checks_contribution | N1: rebate_checks_arp_contribution | O1: federal_ui_contribution | P1: state_ui_contribution | Q1: federal_subsidies_contribution | R1: federal_aid_to_small_businesses_arp_contribution | S1: federal_other_direct_aid_arp_contribution | T1: federal_other_vulnerable_arp_contribution | U1: federal_student_loans_contribution | V1: state_subsidies_contribution | W1: federal_health_outlays_contribution | X1: state_health_outlays_contribution | Y1: federal_contribution | Z1: state_contribution | AA1: taxes_contribution | AB1: transfers_contribution | AC1: consumption_contribution | AD1: fiscal_impact_measure | AE1: fiscal_impact_4q_ma
A2: 2023 Q2 | B2: historical | C2: -1 | D2: -0.14802611 | E2: 0.32935984 | F2: 0.40168307 | G2: 0.18603734 | H2: -0.082194087 | I2: 0.23535829 | J2: -0.041113772 | K2: -0.11030549 | L2: -0.039292217 | M2: -0.25081207 | N2: -0.42408041 | O2: -0.28390642 | P2: 0.020948001 | Q2: -0.36373095 | R2: 0.00050506 | S2: -0.041864783 | T2: -0.096126642 | U2: -0.008099285 | V2: -0.000891533 | W2: 0.17103649 | X2: 0.10677014 | Y2: -0.23313551 | Z2: 0.41446924 | AA2: 0.69855453 | AB2: -1.3262928 | AC2: -0.61796281 | AD2: -0.43662908 | AE2: -0.83627525
A3: 2023 Q3 | B3: historical | C3: -1 | D3: 0.29138773 | E3: 0.20751042 | F3: 0.11335746 | G3: 0.097716049 | H3: -0.05915321 | I3: 0.23102781 | J3: -0.033405652 | K3: -0.035337896 | L3: -0.097526156 | M3: -0.033451247 | N3: -0.007738878 | O3: -0.13051737 | P3: 0.044718453 | Q3: -0.37795185 | R3: 0.000595027 | S3: -0.026783451 | T3: -0.096213711 | U3: -0.13797271 | V3: -6.58442e-05 | W3: -0.080930365 | X3: 0.24636772 | Y3: -0.13834318 | Z3: 0.63724132 | AA3: 0.34932404 | AB3: -0.7341966 | AC3: -0.38219864 | AD3: 0.11669951 | AE3: -0.20616335
A4: 2023 Q4 | B4: historical | C4: -1 | D4: 0.070409519 | E4: 0.33456315 | F4: 0.084390722 | G4: 0.052044238 | H4: -0.071699906 | I4: 0.082750407 | J4: -0.037624014 | K4: -0.20119765 | L4: -0.25248893 | M4: 0 | N4: -0.006225487 | O4: -0.007427392 | P4: 0.025176577 | Q4: -0.16467395 | R4: -0.005710138 | S4: -0.026574551 | T4: -0.096631639 | U4: -0.11266828 | V4: -4.64375e-05 | W4: 0.057480661 | X4: 0.073497893 | Y4: 0.28189704 | Z4: 0.12307563 | AA4: 0.10992045 | AB4: -0.71934748 | AC4: -0.60859102 | AD4: -0.20361835 | AE4: -0.15496259
A5: 2024 Q1 | B5: historical | C5: -1 | D5: -0.095656905 | E5: 0.096940856 | F5: 0.49002857 | G5: 0.20839114 | H5: -0.060391934 | I5: 0.12732301 | J5: -0.031435769 | K5: -0.015431334 | L5: -0.024236115 | M5: 0 | N5: -0.11167712 | O5: -0.001413048 | P5: 0.014852718 | Q5: -0.1478768 | R5: -0.006533456 | S5: -0.037491898 | T5: -0.063307767 | U5: -0.10447089 | V5: -0.000583596 | W5: -0.13918165 | X5: 0.13055532 | Y5: -0.14198756 | Z5: 0.14327151 | AA5: 0.73267848 | AB5: -0.50768404 | AC5: 0.2289171 | AD5: 0.23020105 | AE5: -0.073336716
A6: 2024 Q2 | B6: historical | C6: -1 | D6: 0.12347864 | E6: 0.051398583 | F6: 0.35063464 | G6: 0.18132833 | H6: -0.046919377 | I6: 0.094528727 | J6: -0.022967964 | K6: 0.17944505 | L6: 0.020341749 | M6: 0 | N6: -0.10466799 | O6: -0.000671988 | P6: 0.01260551 | Q6: -0.34619776 | R6: -0.016772232 | S6: -0.035908571 | T6: -0.050238211 | U6: -0.096103418 | V6: -0.002161961 | W6: -0.10798661 | X6: 0.1126516 | Y6: 0.19183196 | Z6: -0.016954735 | AA6: 0.55586415 | AB6: -0.43560311 | AC6: 0.12277732 | AD6: 0.29765454 | AE6: 0.11023419
A7: 2024 Q3 | B7: historical | C7: -1 | D7: 0.4065057 | E7: 0.1366917 | F7: 0.26769889 | G7: 0.02149772 | H7: -0.043703024 | I7: -0.0953656 | J7: -0.012505799 | K7: 0.26285186 | L7: 0.049653198 | M7: 0 | N7: -0.10040558 | O7: -0.000334085 | P7: 0.010455964 | Q7: -0.30976776 | R7: -0.06669009 | S7: -0.034038326 | T7: -0.043936535 | U7: -0.055729673 | V7: -4.42685e-05 | W7: 0.20674712 | X7: 0.044619557 | Y7: 0.63577579 | Z7: -0.092578392 | AA7: 0.1379591 | AB7: -0.035405605 | AC7: 0.10260463 | AD7: 0.64580203 | AE7: 0.24250982
A8: 2024 Q4 | B8: historical | C8: -1 | D8: 0.13387378 | E8: 0.040840032 | F8: 0.26578106 | G8: 0.029094859 | H8: -0.034339266 | I8: -0.13372901 | J8: 0.01136901 | K8: 0.27225397 | L8: 0.016960521 | M8: 0 | N8: -0.10036427 | O8: -0.000172572 | P8: 0.005776257 | Q8: -0.15458605 | R8: -0.029046972 | S8: -0.022294995 | T8: -0.026522516 | U8: -0.030672088 | V8: -5.55534e-05 | W8: 0.14998116 | X8: 0.15091666 | Y8: 0.15254838 | Z8: 0.022165438 | AA8: 0.13854798 | AB8: 0.23270567 | AC8: 0.370919 | AD8: 0.54563281 | AE8: 0.42982261
A9: 2025 Q1 | B9: historical | C9: -1 | D9: -0.51945344 | E9: -0.036329069 | F9: -0.068923508 | G9: 0.045824279 | H9: -0.00426482 | I9: 0.0248513 | J9: 0.013575618 | K9: 0.18178302 | L9: -0.008934283 | M9: 0 | N9: -0.096865949 | O9: 0 | P9: 0.000446134 | Q9: -0.073745276 | R9: -0.028114584 | S9: -0.014963859 | T9: -0.010608242 | U9: -0.030099483 | V9: -0.000302174 | W9: 0.10399977 | X9: 0.002612607 | Y9: -1.1699513 | Z9: 0.61416882 | AA9: 0.011102717 | AB9: 0.025525593 | AC9: 0.036625317 | AD9: -0.51915719 | AE9: 0.24248305
A10: 2025 Q2 | B10: historical | C10: -1 | D10: -0.49659071 | E10: 0.090506589 | F10: -0.49360352 | G10: -0.039331912 | H10: -0.021599015 | I10: 0.1871692 | J10: 0.001923339 | K10: 0.46724311 | L10: -0.014502786 | M10: 0 | N10: -0.094949895 | O10: 0 | P10: 0.001824777 | Q10: -0.094999199 | R10: -0.02673731 | S10: -0.013483429 | T10: -0.010020828 | U10: -0.023738219 | V10: -0.001038045 | W10: 0.28501646 | X10: -0.029952741 | Y10: -0.94596317 | Z10: 0.53987905 | AA10: -0.36467108 | AB10: 0.44530218 | AC10: -0.21766771 | AD10: -0.62375183 | AE10: 0.012131455
A11: 2025 Q3 | B11: projection | C11: 0 | D11: -0.10021934 | E11: -0.18895751 | F11: -0.22561765 | G11: 0.031964415 | H11: 0.18608926 | I11: 0.18199766 | J11: 0.006988657 | K11: 0.23748379 | L11: -0.000244095 | M11: 0 | N11: -0.000998961 | O11: 0 | P11: -0.008367371 | Q11: -0.074626504 | R11: -0.026048206 | S11: -0.013810384 | T11: -0.008542339 | U11: -0.029638323 | V11: -0.000526554 | W11: 0.22450059 | X11: 0.001934324 | Y11: -0.15254855 | Z11: -0.13662829 | AA11: 0.18188016 | AB11: 0.30124016 | AC11: 0.18254057 | AD11: -0.10663628 | AE11: -0.17597812
A12: 2025 Q4 | B12: projection | C12: 0 | D12: -0.091487923 | E12: -0.18797857 | F12: -0.18376482 | G12: 0.012855036 | H12: 0.066279738 | I12: 0.071097532 | J12: 0.009698195 | K12: 0.15390503 | L12: 0.026815537 | M12: 0 | N12: -0.000971923 | O12: 0 | P12: -0.007775345 | Q12: -0.036283497 | R12: -0.003902638 | S12: -0.012854849 | T12: -0.007675475 | U12: -0.024548492 | V12: -0.000445468 | W12: 0.2294708 | X12: 0.020152618 | Y12: -0.19583735 | Z12: -0.083629139 | AA12: -0.023607275 | AB12: 0.33571051 | AC12: 0.012187218 | AD12: -0.26727927 | AE12: -0.37920614
A13: 2026 Q1 | B13: projection | C13: 0 | D13: 0.094960717 | E13: -0.18679327 | F13: -0.15788909 | G13: -0.005175253 | H13: 0.063847021 | I13: 0.31388233 | J13: 0.006507021 | K13: 0.030623218 | L13: 0.040643938 | M13: 0 | N13: -0.000947836 | O13: 0 | P13: -0.007148521 | Q13: -0.002804247 | R13: -0.002667675 | S13: -0.014294821 | T13: -0.007041837 | U13: -0.022803876 | V13: -0.000411448 | W13: 0.27300491 | X13: 0.029331705 | Y13: 0.043261335 | Z13: -0.13509388 | AA13: 0.22158999 | AB13: 0.31537333 | AC13: 0.29621968 | AD13: 0.20438713 | AE13: -0.19832006
... A18: 2027 Q2 | B18: projection | C18: 0 | D18: -0.10225671 | E18: -0.19118456 | F18: -0.02983676 | G18: 0.023800283 | H18: 0.088788872 | I18: -0.31115122 | J18: 0.004630489 | K18: -0.007376498 | L18: 0.010613895 | M18: 0 | N18: 0 | O18: 0 | P18: -0.000816726 | Q18: 0.002517232 | R18: -0.000285159 | S18: -0.001032056 | T18: -0.001523346 | U18: -0.009512646 | V18: -0.000313584 | W18: 0.089169656 | X18: 0.001323671 | Y18: -0.14609606 | Z18: -0.1473452 | AA18: -0.22346883 | AB18: 0.082771764 | AC18: -0.18049956 | AD18: -0.47394083 | AE18: -0.42985809

Sheet published-chase
A1: date | B1: id | C1: recession | D1: federal_purchases_contribution | E1: state_purchases_contribution | F1: federal_non_corporate_taxes_contribution | G1: state_non_corporate_taxes_contribution | H1: federal_corporate_taxes_contribution | I1: supply_side_ira_contribution | J1: state_corporate_taxes_contribution | K1: federal_social_benefits_contribution | L1: state_social_benefits_contribution | M1: rebate_checks_contribution | N1: rebate_checks_arp_contribution | O1: federal_ui_contribution | P1: state_ui_contribution | Q1: federal_subsidies_contribution | R1: federal_aid_to_small_businesses_arp_contribution | S1: federal_other_direct_aid_arp_contribution | T1: federal_other_vulnerable_arp_contribution | U1: federal_student_loans_contribution | V1: state_subsidies_contribution | W1: federal_health_outlays_contribution | X1: state_health_outlays_contribution | Y1: federal_contribution | Z1: state_contribution | AA1: taxes_contribution | AB1: transfers_contribution | AC1: consumption_contribution | AD1: fiscal_impact_measure | AE1: fiscal_impact_4q_ma
A2: 2023 Q2 | B2: historical | C2: -1 | D2: =published!D2-chase!D2 -> 4.2725498e-10 | E2: =published!E2-chase!E2 -> 2.0596003e-10 | F2: =published!F2-chase!F2 -> -2.9709896e-10 | G2: =published!G2-chase!G2 -> 5.6342014e-11 | H2: =published!H2-chase!H2 -> -0.0072995661 | I2: =published!I2-chase!I2 -> 3.4329201e-10 | J2: =published!J2-chase!J2 -> 3.00652e-11 | K2: =published!K2-chase!K2 -> 3.4111901e-10 | ... AE2: =published!AE2-chase!AE2 -> -0.00037355661
A3: 2023 Q3 | B3: historical | C3: -1 | D3: =published!D3-chase!D3 -> 4.7964099e-10 | E3: =published!E3-chase!E3 -> 1.6384599e-10 | F3: =published!F3-chase!F3 -> 2.58702e-10 | G3: =published!G3-chase!G3 -> -2.7331803e-11 | H3: =published!H3-chase!H3 -> -0.011536904 | I3: =published!I3-chase!I3 -> -4.5199955e-12 | J3: =published!J3-chase!J3 -> -2.140118e-10 | K3: =published!K3-chase!K3 -> -1.344345e-10 | ... AE3: =published!AE3-chase!AE3 -> -0.0052594299
A4: 2023 Q4 | B4: historical | C4: -1 | D4: =published!D4-chase!D4 -> -2.5073431e-10 | E4: =published!E4-chase!E4 -> 1.1224022e-11 | F4: =published!F4-chase!F4 -> 1.138301e-10 | G4: =published!G4-chase!G4 -> 3.727039e-10 | H4: =published!H4-chase!H4 -> -0.010760867 | I4: =published!I4-chase!I4 -> 3.81656e-10 | J4: =published!J4-chase!J4 -> -2.057886e-10 | K4: =published!K4-chase!K4 -> -2.27973e-10 | ... AE4: =published!AE4-chase!AE4 -> -0.0095352955
A5: 2024 Q1 | B5: historical | C5: -1 | D5: =published!D5-chase!D5 -> 2.7774789e-10 | E5: =published!E5-chase!E5 -> -4.7669711e-10 | F5: =published!F5-chase!F5 -> 3.2950098e-10 | G5: =published!G5-chase!G5 -> 7.7171991e-11 | H5: =published!H5-chase!H5 -> 0.01108439 | I5: =published!I5-chase!I5 -> -1.6437099e-10 | J5: =published!J5-chase!J5 -> 2.228853e-10 | K5: =published!K5-chase!K5 -> -3.183467e-10 | ... AE5: =published!AE5-chase!AE5 -> -0.0046719546
A6: 2024 Q2 | B6: historical | C6: -1 | D6: =published!D6-chase!D6 -> -4.4342399e-10 | E6: =published!E6-chase!E6 -> -2.1706389e-10 | F6: =published!F6-chase!F6 -> 2.3269298e-10 | G6: =published!G6-chase!G6 -> -1.0350101e-10 | H6: =published!H6-chase!H6 -> 0.003200945 | I6: =published!I6-chase!I6 -> -3.4780109e-11 | J6: =published!J6-chase!J6 -> 3.8143e-10 | K6: =published!K6-chase!K6 -> -4.89914e-10 | ... AE6: =published!AE6-chase!AE6 -> -0.0020379321
A7: 2024 Q3 | B7: historical | C7: -1 | D7: =published!D7-chase!D7 -> -4.2361203e-10 | E7: =published!E7-chase!E7 -> -4.31401e-10 | F7: =published!F7-chase!F7 -> -1.3708501e-10 | G7: =published!G7-chase!G7 -> -4.346646e-10 | H7: =published!H7-chase!H7 -> -0.0032017894 | I7: =published!I7-chase!I7 -> 3.102518e-10 | J7: =published!J7-chase!J7 -> -3.8059e-10 | K7: =published!K7-chase!K7 -> -1.5148299e-10 | ... AE7: =published!AE7-chase!AE7 -> 5.6778307e-05
A8: 2024 Q4 | B8: historical | C8: -1 | D8: =published!D8-chase!D8 -> -2.78713e-10 | E8: =published!E8-chase!E8 -> 4.142232e-10 | F8: =published!F8-chase!F8 -> 1.6629975e-11 | G8: =published!G8-chase!G8 -> -3.816369e-10 | H8: =published!H8-chase!H8 -> -0.0092557525 | I8: =published!I8-chase!I8 -> 1.2492901e-10 | J8: =published!J8-chase!J8 -> 2.002034e-10 | K8: =published!K8-chase!K8 -> -2.6911701e-10 | ... AE8: =published!AE8-chase!AE8 -> 0.00045804453
A9: 2025 Q1 | B9: historical | C9: -1 | D9: =published!D9-chase!D9 -> -2.0673596e-10 | E9: =published!E9-chase!E9 -> 2.040435e-10 | F9: =published!F9-chase!F9 -> 1.8820293e-11 | G9: =published!G9-chase!G9 -> 3.5484699e-11 | H9: =published!H9-chase!H9 -> -0.025634488 | I9: =published!I9-chase!I9 -> -1.6617201e-11 | J9: =published!J9-chase!J9 -> 2.659511e-10 | K9: =published!K9-chase!K9 -> 3.5421302e-10 | ... AE9: =published!AE9-chase!AE9 -> -0.0087104598
A10: 2025 Q2 | B10: historical | C10: -1 | D10: =published!D10-chase!D10 -> 1.2707302e-10 | E10: =published!E10-chase!E10 -> 3.734166e-10 | F10: =published!F10-chase!F10 -> -2.7841196e-10 | G10: =published!G10-chase!G10 -> -2.0316741e-10 | H10: =published!H10-chase!H10 -> -0.0034932699 | I10: =published!I10-chase!I10 -> 3.91747e-10 | J10: =published!J10-chase!J10 -> -2.2980044e-10 | K10: =published!K10-chase!K10 -> -2.9875796e-10 | ... AE10: =published!AE10-chase!AE10 -> -0.010381652
A11: 2025 Q3 | B11: projection | C11: 0 | D11: =published!D11-chase!D11 -> 0.26333064 | E11: =published!E11-chase!E11 -> -2.0943799e-10 | F11: =published!F11-chase!F11 -> -2.58191e-10 | G11: =published!G11-chase!G11 -> 2.423085e-10 | H11: =published!H11-chase!H11 -> -0.0060569441 | I11: =published!I11-chase!I11 -> 3.2275999e-10 | J11: =published!J11-chase!J11 -> 3.575032e-10 | K11: =published!K11-chase!K11 -> 9.9726005e-11 | ... AE11: =published!AE11-chase!AE11 -> 0.054740754
A12: 2025 Q4 | B12: projection | C12: 0 | D12: =published!D12-chase!D12 -> 0.14276535 | E12: =published!E12-chase!E12 -> 9.7650998e-11 | F12: =published!F12-chase!F12 -> 9.2330033e-12 | G12: =published!G12-chase!G12 -> 3.366188e-10 | H12: =published!H12-chase!H12 -> -0.0049545305 | I12: =published!I12-chase!I12 -> 1.691573e-10 | J12: =published!J12-chase!J12 -> 4.2473578e-10 | K12: =published!K12-chase!K12 -> 1.1734e-10 | ... AE12: =published!AE12-chase!AE12 -> 0.091500897
A13: 2026 Q1 | B13: projection | C13: 0 | D13: =published!D13-chase!D13 -> 0.20092433 | E13: =published!E13-chase!E13 -> -4.3754098e-10 | F13: =published!F13-chase!F13 -> 1.9295701e-10 | G13: =published!G13-chase!G13 -> 3.513794e-11 | H13: =published!H13-chase!H13 -> 0.0072181625 | I13: =published!I13-chase!I13 -> 1.1445012e-11 | J13: =published!J13-chase!J13 -> -4.6815259e-10 | K13: =published!K13-chase!K13 -> 6.4218398e-11 | ... AE13: =published!AE13-chase!AE13 -> 0.1499333
... A18: 2027 Q2 | B18: projection | C18: 0 | D18: =published!D18-chase!D18 -> -0.0084704579 | E18: =published!E18-chase!E18 -> 1.3331999e-10 | F18: =published!F18-chase!F18 -> -3.268296e-10 | G18: =published!G18-chase!G18 -> -1.0408299e-11 | H18: =published!H18-chase!H18 -> -0.00055625321 | I18: =published!I18-chase!I18 -> -3.1629904e-10 | J18: =published!J18-chase!J18 -> 3.581738e-11 | K18: =published!K18-chase!K18 -> 2.419452e-10 | ... AE18: =published!AE18-chase!AE18 -> 0.015269633

Sheet diff
A1: date | B1: federal_purchases_contribution | C1: state_purchases_contribution | D1: federal_non_corporate_taxes_contribution | E1: state_non_corporate_taxes_contribution | F1: federal_corporate_taxes_contribution | G1: supply_side_ira_contribution | H1: state_corporate_taxes_contribution | I1: federal_social_benefits_contribution | J1: state_social_benefits_contribution | K1: rebate_checks_contribution | L1: rebate_checks_arp_contribution | M1: federal_ui_contribution | N1: state_ui_contribution | O1: federal_subsidies_contribution | P1: federal_aid_to_small_businesses_arp_contribution | Q1: federal_other_direct_aid_arp_contribution | R1: federal_other_vulnerable_arp_contribution | S1: federal_student_loans_contribution | T1: state_subsidies_contribution | U1: federal_health_outlays_contribution | V1: state_health_outlays_contribution | W1: federal_contribution | X1: state_contribution | Y1: taxes_contribution | Z1: transfers_contribution | AA1: consumption_contribution | AB1: fiscal_impact_measure | AC1: AVG
A2: 2023 Q2 | B2: =published!D2-'back from june'!D2 -> 0 | C2: =published!E2-'back from june'!E2 -> 0 | D2: =published!F2-'back from june'!F2 -> 0 | E2: =published!G2-'back from june'!G2 -> 0 | F2: 0 | G2: =published!I2-'back from june'!I2 -> 0 | H2: =published!J2-'back from june'!J2 -> 0 | I2: =published!K2-'back from june'!K2 -> 0 | J2: =published!L2-'back from june'!L2 -> 0 | K2: =published!M2-'back from june'!M2 -> 0 | L2: =published!N2-'back from june'!N2 -> 0 | M2: =published!O2-'back from june'!O2 -> 0 | N2: =published!P2-'back from june'!P2 -> 0 | ... X2: =published!Z2-'back from june'!Z2 -> 0 | Y2: 0 | Z2: =published!AB2-'back from june'!AB2 -> 0 | AA2: 0 | AB2: 0
A3: 2023 Q3 | B3: =published!D3-'back from june'!D3 -> 0 | C3: =published!E3-'back from june'!E3 -> 0 | D3: =published!F3-'back from june'!F3 -> 0 | E3: =published!G3-'back from june'!G3 -> 0 | F3: 0 | G3: =published!I3-'back from june'!I3 -> 0 | H3: =published!J3-'back from june'!J3 -> 0 | I3: =published!K3-'back from june'!K3 -> 0 | J3: =published!L3-'back from june'!L3 -> 0 | K3: =published!M3-'back from june'!M3 -> 0 | L3: =published!N3-'back from june'!N3 -> 0 | M3: =published!O3-'back from june'!O3 -> 0 | N3: =published!P3-'back from june'!P3 -> 0 | ... X3: =published!Z3-'back from june'!Z3 -> 0 | Y3: 0 | Z3: =published!AB3-'back from june'!AB3 -> 0 | AA3: 0 | AB3: 0
A4: 2023 Q4 | B4: =published!D4-'back from june'!D4 -> 0 | C4: =published!E4-'back from june'!E4 -> 0 | D4: =published!F4-'back from june'!F4 -> 0 | E4: =published!G4-'back from june'!G4 -> 0 | F4: 0 | G4: =published!I4-'back from june'!I4 -> 0 | H4: =published!J4-'back from june'!J4 -> 0 | I4: =published!K4-'back from june'!K4 -> 0 | J4: =published!L4-'back from june'!L4 -> 0 | K4: =published!M4-'back from june'!M4 -> 0 | L4: =published!N4-'back from june'!N4 -> 0 | M4: =published!O4-'back from june'!O4 -> 0 | N4: =published!P4-'back from june'!P4 -> 0 | ... X4: =published!Z4-'back from june'!Z4 -> 0 | Y4: 0 | Z4: =published!AB4-'back from june'!AB4 -> 0 | AA4: 0 | AB4: 0
A5: 2024 Q1 | B5: =published!D5-'back from june'!D5 -> 0 | C5: =published!E5-'back from june'!E5 -> 0 | D5: =published!F5-'back from june'!F5 -> 0 | E5: =published!G5-'back from june'!G5 -> 0 | F5: 0 | G5: =published!I5-'back from june'!I5 -> 0 | H5: =published!J5-'back from june'!J5 -> 0 | I5: =published!K5-'back from june'!K5 -> 0 | J5: =published!L5-'back from june'!L5 -> 0 | K5: =published!M5-'back from june'!M5 -> 0 | L5: =published!N5-'back from june'!N5 -> 0 | M5: =published!O5-'back from june'!O5 -> 0 | N5: =published!P5-'back from june'!P5 -> 0 | ... X5: =published!Z5-'back from june'!Z5 -> 0 | Y5: 0 | Z5: =published!AB5-'back from june'!AB5 -> 0 | AA5: 0 | AB5: 0
A6: 2024 Q2 | B6: =published!D6-'back from june'!D6 -> 0 | C6: =published!E6-'back from june'!E6 -> 0 | D6: =published!F6-'back from june'!F6 -> 0 | E6: =published!G6-'back from june'!G6 -> 0 | F6: 0 | G6: =published!I6-'back from june'!I6 -> 0 | H6: =published!J6-'back from june'!J6 -> 0 | I6: =published!K6-'back from june'!K6 -> 0 | J6: =published!L6-'back from june'!L6 -> 0 | K6: =published!M6-'back from june'!M6 -> 0 | L6: =published!N6-'back from june'!N6 -> 0 | M6: =published!O6-'back from june'!O6 -> 0 | N6: =published!P6-'back from june'!P6 -> 0 | ... X6: =published!Z6-'back from june'!Z6 -> 0 | Y6: 0 | Z6: =published!AB6-'back from june'!AB6 -> 0 | AA6: 0 | AB6: 0
A7: 2024 Q3 | B7: =published!D7-'back from june'!D7 -> 0 | C7: =published!E7-'back from june'!E7 -> 0 | D7: =published!F7-'back from june'!F7 -> 0 | E7: =published!G7-'back from june'!G7 -> 0 | F7: 0 | G7: =published!I7-'back from june'!I7 -> 0 | H7: =published!J7-'back from june'!J7 -> 0 | I7: =published!K7-'back from june'!K7 -> 0 | J7: =published!L7-'back from june'!L7 -> 0 | K7: =published!M7-'back from june'!M7 -> 0 | L7: =published!N7-'back from june'!N7 -> 0 | M7: =published!O7-'back from june'!O7 -> 0 | N7: =published!P7-'back from june'!P7 -> 0 | ... X7: =published!Z7-'back from june'!Z7 -> 0 | Y7: 0 | Z7: =published!AB7-'back from june'!AB7 -> 0 | AA7: 0 | AB7: 0
A8: 2024 Q4 | B8: =published!D8-'back from june'!D8 -> 0 | C8: =published!E8-'back from june'!E8 -> 0 | D8: =published!F8-'back from june'!F8 -> 0 | E8: =published!G8-'back from june'!G8 -> 0 | F8: 0 | G8: =published!I8-'back from june'!I8 -> 0 | H8: =published!J8-'back from june'!J8 -> 0 | I8: =published!K8-'back from june'!K8 -> 0 | J8: =published!L8-'back from june'!L8 -> 0 | K8: =published!M8-'back from june'!M8 -> 0 | L8: =published!N8-'back from june'!N8 -> 0 | M8: =published!O8-'back from june'!O8 -> 0 | N8: =published!P8-'back from june'!P8 -> 0 | ... X8: =published!Z8-'back from june'!Z8 -> 0 | Y8: 0 | Z8: =published!AB8-'back from june'!AB8 -> 0 | AA8: 0 | AB8: 0
A9: 2025 Q1 | B9: =published!D9-'back from june'!D9 -> 0 | C9: =published!E9-'back from june'!E9 -> 0 | D9: =published!F9-'back from june'!F9 -> 0 | E9: =published!G9-'back from june'!G9 -> 0 | F9: 0 | G9: =published!I9-'back from june'!I9 -> 0 | H9: =published!J9-'back from june'!J9 -> 0 | I9: =published!K9-'back from june'!K9 -> 0 | J9: =published!L9-'back from june'!L9 -> 0 | K9: =published!M9-'back from june'!M9 -> 0 | L9: =published!N9-'back from june'!N9 -> 0 | M9: =published!O9-'back from june'!O9 -> 0 | N9: =published!P9-'back from june'!P9 -> 0 | ... X9: =published!Z9-'back from june'!Z9 -> 0 | Y9: 0 | Z9: =published!AB9-'back from june'!AB9 -> 0 | AA9: 0 | AB9: 0
A10: 2025 Q2 | B10: =published!D10-'back from june'!D10 -> 0 | C10: =published!E10-'back from june'!E10 -> 0 | D10: =published!F10-'back from june'!F10 -> 0 | E10: =published!G10-'back from june'!G10 -> 0 | F10: 0 | G10: =published!I10-'back from june'!I10 -> 0 | H10: =published!J10-'back from june'!J10 -> 0 | I10: =published!K10-'back from june'!K10 -> 0 | J10: =published!L10-'back from june'!L10 -> 0 | K10: =published!M10-'back from june'!M10 -> 0 | L10: =published!N10-'back from june'!N10 -> 0 | M10: =published!O10-'back from june'!O10 -> 0 | N10: =published!P10-'back from june'!P10 -> 0 | ... X10: =published!Z10-'back from june'!Z10 -> 0 | Y10: 0 | Z10: =published!AB10-'back from june'!AB10 -> 0 | AA10: 0 | AB10: 0
A11: 2025 Q3 | B11: =published!D11-'back from june'!D11 -> 0.26333064 | C11: =published!E11-'back from june'!E11 -> 0 | D11: =published!F11-'back from june'!F11 -> 0.18365965 | E11: =published!G11-'back from june'!G11 -> 0 | F11: =published!H11-'back from june'!H11 -> 0.17434377 | G11: =published!I11-'back from june'!I11 -> 0 | H11: =published!J11-'back from june'!J11 -> 0 | I11: =published!K11-'back from june'!K11 -> 0 | ... AB11: =published!AD11-'back from june'!AD11 -> 0.60829045
A12: 2025 Q4 | B12: =published!D12-'back from june'!D12 -> 0.14276535 | C12: =published!E12-'back from june'!E12 -> 0 | D12: =published!F12-'back from june'!F12 -> 0.18022094 | E12: =published!G12-'back from june'!G12 -> 0 | F12: =published!H12-'back from june'!H12 -> 0.056685935 | G12: =published!I12-'back from june'!I12 -> 0 | H12: =published!J12-'back from june'!J12 -> 0 | I12: =published!K12-'back from june'!K12 -> -0.023895964 | ... AB12: =published!AD12-'back from june'!AD12 -> 0.34807772 | AC12: =AVERAGE(AB9:AB12) -> 0.23909204
A13: 2026 Q1 | B13: =published!D13-'back from june'!D13 -> 0.20092433 | C13: =published!E13-'back from june'!E13 -> 0 | D13: =published!F13-'back from june'!F13 -> 0.19863777 | E13: =published!G13-'back from june'!G13 -> 0 | F13: =published!H13-'back from june'!H13 -> 0.067150344 | G13: =published!I13-'back from june'!I13 -> 0 | H13: =published!J13-'back from june'!J13 -> 0 | I13: =published!K13-'back from june'!K13 -> -0.023369788 | ... AB13: =published!AD13-'back from june'!AD13 -> 0.43687095
A14: 2026 Q2 | B14: =published!D14-'back from june'!D14 -> 0.12541077 | C14: =published!E14-'back from june'!E14 -> 0 | D14: =published!F14-'back from june'!F14 -> 0.19587325 | E14: =published!G14-'back from june'!G14 -> 0 | F14: =published!H14-'back from june'!H14 -> 0.065017323 | G14: =published!I14-'back from june'!I14 -> 0 | H14: =published!J14-'back from june'!J14 -> 0 | I14: =published!K14-'back from june'!K14 -> -0.022993064 | ... AB14: =published!AD14-'back from june'!AD14 -> 0.35955578
A15: 2026 Q3 | B15: =published!D15-'back from june'!D15 -> 0.0700293 | C15: =published!E15-'back from june'!E15 -> 0 | D15: =published!F15-'back from june'!F15 -> 0.13767019 | E15: =published!G15-'back from june'!G15 -> 0 | F15: =published!H15-'back from june'!H15 -> 0.067202111 | G15: =published!I15-'back from june'!I15 -> 0 | H15: =published!J15-'back from june'!J15 -> 0 | I15: =published!K15-'back from june'!K15 -> -0.02240974 | ... AB15: =published!AD15-'back from june'!AD15 -> 0.24047578
A16: 2026 Q4 | B16: =published!D16-'back from june'!D16 -> -0.0064345259 | C16: =published!E16-'back from june'!E16 -> 0 | D16: =published!F16-'back from june'!F16 -> 0.13591486 | E16: =published!G16-'back from june'!G16 -> 0 | F16: =published!H16-'back from june'!H16 -> 0.065045016 | G16: =published!I16-'back from june'!I16 -> 0 | H16: =published!J16-'back from june'!J16 -> 0 | I16: =published!K16-'back from june'!K16 -> -0.022567075 | ... AB16: =published!AD16-'back from june'!AD16 -> 0.11280216 | AC16: =AVERAGE(AB13:AB16) -> 0.28742617
A17: 2027 Q1 | B17: =published!D17-'back from june'!D17 -> -0.0086757821 | C17: =published!E17-'back from june'!E17 -> 0 | D17: =published!F17-'back from june'!F17 -> 0.17501395 | E17: =published!G17-'back from june'!G17 -> 0 | F17: =published!H17-'back from june'!H17 -> 0.044675108 | G17: =published!I17-'back from june'!I17 -> 0 | H17: =published!J17-'back from june'!J17 -> 0 | I17: =published!K17-'back from june'!K17 -> -0.022170053 | ... AB17: =published!AD17-'back from june'!AD17 -> 0.13008369
A18: 2027 Q2 | B18: =published!D18-'back from june'!D18 -> -0.008470458 | C18: =published!E18-'back from june'!E18 -> 0 | D18: =published!F18-'back from june'!F18 -> 0.17157068 | E18: =published!G18-'back from june'!G18 -> 0 | F18: =published!H18-'back from june'!H18 -> 0.047697691 | G18: =published!I18-'back from june'!I18 -> 0 | H18: =published!J18-'back from june'!J18 -> 0 | I18: =published!K18-'back from june'!K18 -> -0.021656381 | ... AB18: =published!AD18-'back from june'!AD18 -> 0.13259015
