Workbook

Sheet new
A1: date | B1: id | C1: recession | D1: federal_purchases_contribution | E1: state_purchases_contribution | F1: federal_non_corporate_taxes_contribution | G1: state_non_corporate_taxes_contribution | H1: federal_corporate_taxes_contribution | I1: supply_side_ira_contribution | J1: state_corporate_taxes_contribution | K1: federal_social_benefits_contribution | L1: state_social_benefits_contribution | M1: rebate_checks_contribution | N1: rebate_checks_arp_contribution | O1: federal_ui_contribution | P1: state_ui_contribution | Q1: federal_subsidies_contribution | R1: federal_aid_to_small_businesses_arp_contribution | S1: federal_other_direct_aid_arp_contribution | T1: federal_other_vulnerable_arp_contribution | U1: federal_student_loans_contribution | V1: state_subsidies_contribution | W1: federal_health_outlays_contribution | X1: state_health_outlays_contribution | Y1: federal_contribution | Z1: state_contribution | AA1: taxes_contribution | AB1: transfers_contribution | AC1: consumption_contribution | AD1: fiscal_impact_measure | AE1: fiscal_impact_4q_ma
A2: 2023 Q2 | B2: historical | C2: -1 | D2: -0.14802611 | E2: 0.32935984 | F2: 0.40168307 | G2: 0.18603735 | H2: -0.082194087 | I2: 0.23535829 | J2: -0.041113772 | K2: -0.11030549 | L2: -0.039292217 | M2: -0.25081207 | N2: -0.42408041 | O2: -0.28390642 | P2: 0.020948001 | Q2: -0.36373095 | R2: 0.00050505984 | S2: -0.041864783 | T2: -0.096126642 | U2: -0.0080992849 | V2: -0.0008915333 | W2: 0.17103649 | X2: 0.10677014 | Y2: -0.23313551 | Z2: 0.41446924 | AA2: 0.69855453 | AB2: -1.3262928 | AC2: -0.61796281 | AD2: -0.43662908 | AE2: -0.83627525
A3: 2023 Q3 | B3: historical | C3: -1 | D3: 0.29138773 | E3: 0.20751042 | F3: 0.11335746 | G3: 0.097716049 | H3: -0.05915321 | I3: 0.2310278 | J3: -0.033405652 | K3: -0.035337896 | L3: -0.097526156 | M3: -0.033451247 | N3: -0.0077388778 | O3: -0.13051737 | P3: 0.044718453 | Q3: -0.37795185 | R3: 0.00059502736 | S3: -0.026783451 | T3: -0.096213711 | U3: -0.13797271 | V3: -6.5844159e-05 | W3: -0.080930365 | X3: 0.24636772 | Y3: -0.13834318 | Z3: 0.63724132 | AA3: 0.34932404 | AB3: -0.7341966 | AC3: -0.38219864 | AD3: 0.11669951 | AE3: -0.20616336
A4: 2023 Q4 | B4: historical | C4: -1 | D4: 0.070409519 | E4: 0.33456315 | F4: 0.084390722 | G4: 0.052044238 | H4: -0.071699906 | I4: 0.082750407 | J4: -0.037624014 | K4: -0.20119765 | L4: -0.25248893 | M4: 0 | N4: -0.0062254866 | O4: -0.0074273919 | P4: 0.025176577 | Q4: -0.16467395 | R4: -0.0057101381 | S4: -0.026574551 | T4: -0.096631639 | U4: -0.11266828 | V4: -4.6437541e-05 | W4: 0.057480661 | X4: 0.073497893 | Y4: 0.28189704 | Z4: 0.12307563 | AA4: 0.10992045 | AB4: -0.71934748 | AC4: -0.60859101 | AD4: -0.20361835 | AE4: -0.15496259
A5: 2024 Q1 | B5: historical | C5: -1 | D5: -0.095656905 | E5: 0.096940856 | F5: 0.49002857 | G5: 0.20839114 | H5: -0.060391934 | I5: 0.12732301 | J5: -0.031435769 | K5: -0.015431334 | L5: -0.024236115 | M5: 0 | N5: -0.11167712 | O5: -0.0014130479 | P5: 0.014852718 | Q5: -0.1478768 | R5: -0.0065334558 | S5: -0.037491898 | T5: -0.063307767 | U5: -0.10447089 | V5: -0.0005835965 | W5: -0.13918165 | X5: 0.13055532 | Y5: -0.14198756 | Z5: 0.14327151 | AA5: 0.73267848 | AB5: -0.50768404 | AC5: 0.2289171 | AD5: 0.23020105 | AE5: -0.073336716
A6: 2024 Q2 | B6: historical | C6: -1 | D6: 0.12347864 | E6: 0.051398583 | F6: 0.35063464 | G6: 0.18132833 | H6: -0.046919377 | I6: 0.094528727 | J6: -0.022967964 | K6: 0.17944505 | L6: 0.020341749 | M6: 0 | N6: -0.104668 | O6: -0.00067198841 | P6: 0.01260551 | Q6: -0.34619776 | R6: -0.016772232 | S6: -0.035908571 | T6: -0.050238211 | U6: -0.096103418 | V6: -0.0021619606 | W6: -0.10798661 | X6: 0.1126516 | Y6: 0.19183196 | Z6: -0.016954735 | AA6: 0.55586415 | AB6: -0.43560311 | AC6: 0.12277732 | AD6: 0.29765454 | AE6: 0.11023419
A7: 2024 Q3 | B7: historical | C7: -1 | D7: 0.4065057 | E7: 0.1366917 | F7: 0.26769889 | G7: 0.02149772 | H7: -0.043703024 | I7: -0.0953656 | J7: -0.012505799 | K7: 0.26285186 | L7: 0.049653198 | M7: 0 | N7: -0.10040558 | O7: -0.00033408507 | P7: 0.010455964 | Q7: -0.30976776 | R7: -0.06669009 | S7: -0.034038326 | T7: -0.043936535 | U7: -0.055729673 | V7: -4.4268525e-05 | W7: 0.20674712 | X7: 0.044619557 | Y7: 0.63577579 | Z7: -0.092578392 | AA7: 0.1379591 | AB7: -0.035405605 | AC7: 0.10260463 | AD7: 0.64580203 | AE7: 0.24250982
A8: 2024 Q4 | B8: historical | C8: -1 | D8: 0.13387378 | E8: 0.040840032 | F8: 0.26578106 | G8: 0.029094859 | H8: -0.034339266 | I8: -0.13372901 | J8: 0.01136901 | K8: 0.27225397 | L8: 0.016960521 | M8: 0 | N8: -0.10036427 | O8: -0.0001725724 | P8: 0.0057762572 | Q8: -0.15458604 | R8: -0.029046972 | S8: -0.022294995 | T8: -0.026522516 | U8: -0.030672088 | V8: -5.5553434e-05 | W8: 0.14998116 | X8: 0.15091666 | Y8: 0.15254838 | Z8: 0.022165438 | AA8: 0.13854798 | AB8: 0.23270567 | AC8: 0.370919 | AD8: 0.54563281 | AE8: 0.42982261
A9: 2025 Q1 | B9: historical | C9: -1 | D9: -0.51945344 | E9: -0.036329069 | F9: -0.068923508 | G9: 0.045824279 | H9: -0.0042648201 | I9: 0.0248513 | J9: 0.013575618 | K9: 0.18178302 | L9: -0.0089342835 | M9: 0 | N9: -0.096865949 | O9: 0 | P9: 0.00044613388 | Q9: -0.073745276 | R9: -0.028114584 | S9: -0.014963859 | T9: -0.010608242 | U9: -0.030099483 | V9: -0.00030217362 | W9: 0.10399977 | X9: 0.002612607 | Y9: -1.1699513 | Z9: 0.61416882 | AA9: 0.011102717 | AB9: 0.025525593 | AC9: 0.036625317 | AD9: -0.51915719 | AE9: 0.24248305
A10: 2025 Q2 | B10: historical | C10: -1 | D10: -0.49659071 | E10: 0.090506589 | F10: -0.49360352 | G10: -0.039331912 | H10: 0.0070579944 | I10: 0.1871692 | J10: 0.0019233388 | K10: 0.46724311 | L10: -0.014502786 | M10: 0 | N10: -0.094949895 | O10: 0 | P10: 0.0018247774 | Q10: -0.094999199 | R10: -0.02673731 | S10: -0.013483429 | T10: -0.010020828 | U10: -0.023738219 | V10: -0.0010380446 | W10: 0.28501646 | X10: -0.029952741 | Y10: -0.94596317 | Z10: 0.53987905 | AA10: -0.33591118 | AB10: 0.44530218 | AC10: -0.18904189 | AD10: -0.59512601 | AE10: 0.019287909
A11: 2025 Q3 | B11: projection | C11: 0 | D11: 0.0018353324 | E11: -0.18895751 | F11: -0.52648265 | G11: 0.010078686 | H11: 0.18295002 | I11: 0.11417438 | J11: 0.0059300056 | K11: 0.30085741 | L11: 0.0025611326 | M11: 0 | N11: -0.0009957227 | O11: 0 | P11: -0.0078562083 | Q11: -0.073785806 | R11: -0.026006463 | S11: -0.013733647 | T11: -0.0084941012 | U11: -0.029602535 | V11: -0.00052176542 | W11: 0.28987147 | X11: 0.02622418 | Y11: -0.050493883 | Z11: -0.13662829 | AA11: -0.21188064 | AB11: 0.45837035 | AC11: -0.05248305 | AD11: -0.23960523 | AE11: -0.20206391
A12: 2025 Q4 | B12: projection | C12: 0 | D12: -0.40818665 | E12: -0.18797857 | F12: -0.4377635 | G12: 0.012855036 | H12: 0.065942043 | I12: 0.14035275 | J12: 0.0096981954 | K12: 0.21821118 | L12: 0.026815537 | M12: 0 | N12: -0.00097192311 | O12: 0 | P12: -0.0077753446 | Q12: -0.036283497 | R12: -0.0039026384 | S12: -0.012854849 | T12: -0.0076754748 | U12: -0.024548492 | V12: -0.00044546802 | W12: 0.26977756 | X12: 0.039795531 | Y12: -0.51253608 | Z12: -0.083629139 | AA12: -0.20800414 | AB12: 0.45968169 | AC12: -0.9473093 | AD12: -1.5434745 | AE12: -0.72434074
A13: 2026 Q1 | B13: projection | C13: 0 | D13: 0.89353249 | E13: -0.18679327 | F13: -0.15152319 | G13: -0.005175253 | H13: 0.063538308 | I13: 0.31388233 | J13: 0.0065070205 | K13: 0.15031915 | L13: 0.040643938 | M13: 0 | N13: -0.00094783566 | O13: 0 | P13: -0.0071485208 | Q13: -0.0028042467 | R13: -0.0026676745 | S13: -0.014294821 | T13: -0.0070418372 | U13: -0.022803876 | V13: -0.00041144841 | W13: 0.31291444 | X13: 0.048788345 | Y13: 0.84183311 | Z13: -0.13509389 | AA13: 0.22762208 | AB13: 0.49391157 | AC13: 2.0803369 | AD13: 2.7870761 | AE13: 0.1022176
... A18: 2027 Q2 | B18: projection | C18: 0 | D18: -0.11072717 | E18: -0.19118456 | F18: -0.092247798 | G18: 0.023800283 | H18: 0.088515383 | I18: -0.36522952 | J18: 0.004630489 | K18: 0.12270905 | L18: 0.010613895 | M18: 0 | N18: 0 | O18: 0 | P18: -0.00081672553 | Q18: 0.0025172322 | R18: -0.00028515852 | S18: -0.0010320556 | T18: -0.0015233461 | U18: -0.0095126456 | V18: -0.00031358356 | W18: 0.089804694 | X18: 0.0016881392 | Y18: -0.15456652 | Z18: -0.1473452 | AA18: -0.3403474 | AB18: 0.21372987 | AC18: -0.16584081 | AD18: -0.46775253 | AE18: -0.41766722

Sheet old
A1: date | B1: id | C1: recession | D1: federal_purchases_contribution | E1: state_purchases_contribution | F1: federal_non_corporate_taxes_contribution | G1: state_non_corporate_taxes_contribution | H1: federal_corporate_taxes_contribution | I1: supply_side_ira_contribution | J1: state_corporate_taxes_contribution | K1: federal_social_benefits_contribution | L1: state_social_benefits_contribution | M1: rebate_checks_contribution | N1: rebate_checks_arp_contribution | O1: federal_ui_contribution | P1: state_ui_contribution | Q1: federal_subsidies_contribution | R1: federal_aid_to_small_businesses_arp_contribution | S1: federal_other_direct_aid_arp_contribution | T1: federal_other_vulnerable_arp_contribution | U1: federal_student_loans_contribution | V1: state_subsidies_contribution | W1: federal_health_outlays_contribution | X1: state_health_outlays_contribution | Y1: federal_contribution | Z1: state_contribution | AA1: taxes_contribution | AB1: transfers_contribution | AC1: consumption_contribution | AD1: fiscal_impact_measure | AE1: fiscal_impact_4q_ma
A2: 2023 Q2 | B2: historical | C2: -1 | D2: -0.14802611 | E2: 0.32935984 | F2: 0.40168307 | G2: 0.18603735 | H2: -0.082194087 | I2: 0.23535829 | J2: -0.041113772 | K2: -0.11030549 | L2: -0.039292217 | M2: -0.25081207 | N2: -0.42408041 | O2: -0.28390642 | P2: 0.020948001 | Q2: -0.36373095 | R2: 0.00050505984 | S2: -0.041864783 | T2: -0.096126642 | U2: -0.0080992849 | V2: -0.0008915333 | W2: 0.17103649 | X2: 0.10677014 | Y2: -0.23313551 | Z2: 0.41446924 | AA2: 0.69855453 | AB2: -1.3262928 | AC2: -0.61796281 | AD2: -0.43662908 | AE2: -0.83627525
A3: 2023 Q3 | B3: historical | C3: -1 | D3: 0.29138773 | E3: 0.20751042 | F3: 0.11335746 | G3: 0.097716049 | H3: -0.05915321 | I3: 0.2310278 | J3: -0.033405652 | K3: -0.035337896 | L3: -0.097526156 | M3: -0.033451247 | N3: -0.0077388778 | O3: -0.13051737 | P3: 0.044718453 | Q3: -0.37795185 | R3: 0.00059502736 | S3: -0.026783451 | T3: -0.096213711 | U3: -0.13797271 | V3: -6.5844159e-05 | W3: -0.080930365 | X3: 0.24636772 | Y3: -0.13834318 | Z3: 0.63724132 | AA3: 0.34932404 | AB3: -0.7341966 | AC3: -0.38219864 | AD3: 0.11669951 | AE3: -0.20616336
A4: 2023 Q4 | B4: historical | C4: -1 | D4: 0.070409519 | E4: 0.33456315 | F4: 0.084390722 | G4: 0.052044238 | H4: -0.071699906 | I4: 0.082750407 | J4: -0.037624014 | K4: -0.20119765 | L4: -0.25248893 | M4: 0 | N4: -0.0062254866 | O4: -0.0074273919 | P4: 0.025176577 | Q4: -0.16467395 | R4: -0.0057101381 | S4: -0.026574551 | T4: -0.096631639 | U4: -0.11266828 | V4: -4.6437541e-05 | W4: 0.057480661 | X4: 0.073497893 | Y4: 0.28189704 | Z4: 0.12307563 | AA4: 0.10992045 | AB4: -0.71934748 | AC4: -0.60859101 | AD4: -0.20361835 | AE4: -0.15496259
A5: 2024 Q1 | B5: historical | C5: -1 | D5: -0.095656905 | E5: 0.096940856 | F5: 0.49002857 | G5: 0.20839114 | H5: -0.060391934 | I5: 0.12732301 | J5: -0.031435769 | K5: -0.015431334 | L5: -0.024236115 | M5: 0 | N5: -0.11167712 | O5: -0.0014130479 | P5: 0.014852718 | Q5: -0.1478768 | R5: -0.0065334558 | S5: -0.037491898 | T5: -0.063307767 | U5: -0.10447089 | V5: -0.0005835965 | W5: -0.13918165 | X5: 0.13055532 | Y5: -0.14198756 | Z5: 0.14327151 | AA5: 0.73267848 | AB5: -0.50768404 | AC5: 0.2289171 | AD5: 0.23020105 | AE5: -0.073336716
A6: 2024 Q2 | B6: historical | C6: -1 | D6: 0.12347864 | E6: 0.051398583 | F6: 0.35063464 | G6: 0.18132833 | H6: -0.046919377 | I6: 0.094528727 | J6: -0.022967964 | K6: 0.17944505 | L6: 0.020341749 | M6: 0 | N6: -0.104668 | O6: -0.00067198841 | P6: 0.01260551 | Q6: -0.34619776 | R6: -0.016772232 | S6: -0.035908571 | T6: -0.050238211 | U6: -0.096103418 | V6: -0.0021619606 | W6: -0.10798661 | X6: 0.1126516 | Y6: 0.19183196 | Z6: -0.016954735 | AA6: 0.55586415 | AB6: -0.43560311 | AC6: 0.12277732 | AD6: 0.29765454 | AE6: 0.11023419
A7: 2024 Q3 | B7: historical | C7: -1 | D7: 0.4065057 | E7: 0.1366917 | F7: 0.26769889 | G7: 0.02149772 | H7: -0.043703024 | I7: -0.0953656 | J7: -0.012505799 | K7: 0.26285186 | L7: 0.049653198 | M7: 0 | N7: -0.10040558 | O7: -0.00033408507 | P7: 0.010455964 | Q7: -0.30976776 | R7: -0.06669009 | S7: -0.034038326 | T7: -0.043936535 | U7: -0.055729673 | V7: -4.4268525e-05 | W7: 0.20674712 | X7: 0.044619557 | Y7: 0.63577579 | Z7: -0.092578392 | AA7: 0.1379591 | AB7: -0.035405605 | AC7: 0.10260463 | AD7: 0.64580203 | AE7: 0.24250982
A8: 2024 Q4 | B8: historical | C8: -1 | D8: 0.13387378 | E8: 0.040840032 | F8: 0.26578106 | G8: 0.029094859 | H8: -0.034339266 | I8: -0.13372901 | J8: 0.01136901 | K8: 0.27225397 | L8: 0.016960521 | M8: 0 | N8: -0.10036427 | O8: -0.0001725724 | P8: 0.0057762572 | Q8: -0.15458604 | R8: -0.029046972 | S8: -0.022294995 | T8: -0.026522516 | U8: -0.030672088 | V8: -5.5553434e-05 | W8: 0.14998116 | X8: 0.15091666 | Y8: 0.15254838 | Z8: 0.022165438 | AA8: 0.13854798 | AB8: 0.23270567 | AC8: 0.370919 | AD8: 0.54563281 | AE8: 0.42982261
A9: 2025 Q1 | B9: historical | C9: -1 | D9: -0.51945344 | E9: -0.036329069 | F9: -0.068923508 | G9: 0.045824279 | H9: -0.0042648201 | I9: 0.0248513 | J9: 0.013575618 | K9: 0.18178302 | L9: -0.0089342835 | M9: 0 | N9: -0.096865949 | O9: 0 | P9: 0.00044613388 | Q9: -0.073745276 | R9: -0.028114584 | S9: -0.014963859 | T9: -0.010608242 | U9: -0.030099483 | V9: -0.00030217362 | W9: 0.10399977 | X9: 0.002612607 | Y9: -1.1699513 | Z9: 0.61416882 | AA9: 0.011102717 | AB9: 0.025525593 | AC9: 0.036625317 | AD9: -0.51915719 | AE9: 0.24248305
A10: 2025 Q2 | B10: historical | C10: -1 | D10: -0.49659071 | E10: 0.090506589 | F10: -0.49360352 | G10: -0.039331912 | H10: 0.0070579944 | I10: 0.1871692 | J10: 0.0019233388 | K10: 0.46724311 | L10: -0.014502786 | M10: 0 | N10: -0.094949895 | O10: 0 | P10: 0.0018247774 | Q10: -0.094999199 | R10: -0.02673731 | S10: -0.013483429 | T10: -0.010020828 | U10: -0.023738219 | V10: -0.0010380446 | W10: 0.28501646 | X10: -0.029952741 | Y10: -0.94596317 | Z10: 0.53987905 | AA10: -0.33591118 | AB10: 0.44530218 | AC10: -0.18904189 | AD10: -0.59512601 | AE10: 0.019287909
A11: 2025 Q3 | B11: projection | C11: 0 | D11: 0.0018353324 | E11: -0.18895751 | F11: -0.52648265 | G11: 0.010078686 | H11: 0.18295002 | I11: 0.11417438 | J11: 0.0059300056 | K11: 0.30085741 | L11: 0.0025611326 | M11: 0 | N11: -0.0009957227 | O11: 0 | P11: -0.0078562083 | Q11: -0.073785806 | R11: -0.026006463 | S11: -0.013733647 | T11: -0.0084941012 | U11: -0.029602535 | V11: -0.00052176542 | W11: 0.28987147 | X11: 0.02622418 | Y11: -0.050493883 | Z11: -0.13662829 | AA11: -0.21188064 | AB11: 0.45837035 | AC11: -0.05248305 | AD11: -0.23960523 | AE11: -0.20206391
A12: 2025 Q4 | B12: projection | C12: 0 | D12: -0.40818665 | E12: -0.18797857 | F12: -0.4377635 | G12: 0.012855036 | H12: 0.065942043 | I12: 0.14035275 | J12: 0.0096981954 | K12: 0.21821118 | L12: 0.026815537 | M12: 0 | N12: -0.00097192311 | O12: 0 | P12: -0.0077753446 | Q12: -0.036283497 | R12: -0.0039026384 | S12: -0.012854849 | T12: -0.0076754748 | U12: -0.024548492 | V12: -0.00044546802 | W12: 0.26977756 | X12: 0.039795531 | Y12: -0.51253608 | Z12: -0.083629139 | AA12: -0.20800414 | AB12: 0.45968169 | AC12: -0.9473093 | AD12: -1.5434745 | AE12: -0.72434074
A13: 2026 Q1 | B13: projection | C13: 0 | D13: 0.89353249 | E13: -0.18679327 | F13: -0.15152319 | G13: -0.005175253 | H13: 0.063538308 | I13: 0.31388233 | J13: 0.0065070205 | K13: 0.15031915 | L13: 0.040643938 | M13: 0 | N13: -0.00094783566 | O13: 0 | P13: -0.0071485208 | Q13: -0.0028042467 | R13: -0.0026676745 | S13: -0.014294821 | T13: -0.0070418372 | U13: -0.022803876 | V13: -0.00041144841 | W13: 0.31291444 | X13: 0.048788345 | Y13: 0.84183311 | Z13: -0.13509389 | AA13: 0.22762208 | AB13: 0.49391157 | AC13: 2.0803369 | AD13: 2.7870761 | AE13: 0.1022176
... A20: 2027 Q4 | B20: projection | C20: 0 | D20: -6.6403063 | E20: -10.933209 | F20: 7.9199134 | G20: 3.9857046 | H20: 0.22723304 | I20: -1.0526043 | J20: 0.081128589 | K20: -7.693609 | L20: -0.68869377 | M20: 0 | N20: 0 | O20: 0 | P20: -0.094158903 | Q20: -0.072849055 | R20: 0.00020200833 | S20: -0.001011704 | T20: -0.00024496926 | U20: 0.022400827 | V20: -0.00024429215 | W20: -6.2772614 | X20: -1.0386187 | Y20: -8.1949201 | Z20: -9.3785954 | AA20: 10.913544 | AB20: -16.640976 | AC20: -3.7991195 | AD20: -21.372635 | AE20: -5.6479357
A21: 2028 Q1 | B21: projection | C21: 0 | D21: #NUM! | E21: #NUM! | F21: 7.7562286 | G21: 3.9482406 | H21: 0.20705143 | I21: 0 | J21: 0.083843091 | K21: -7.7526184 | L21: -0.68556729 | M21: 0 | N21: 0 | O21: 0 | P21: -0.079165714 | Q21: -0.063764487 | R21: 0.00019833778 | S21: -0.001016467 | T21: 0 | U21: 0.020642566 | V21: -0.00023983112 | W21: -6.2519877 | X21: -1.0343461 | Y21: #NUM! | Z21: #NUM! | AA21: 11.62535 | AB21: -16.641485 | AC21: -2.9606043 | AD21: 0 | AE21: -5.5199131
A22: 2028 Q2 | B22: projection | C22: 0 | D22: #NUM! | E22: #NUM! | F22: 3.9089608 | G22: 1.9805839 | H22: 0.20323088 | I22: 0 | J22: 0.081665082 | K22: -7.6828951 | L22: -0.68148905 | M22: 0 | N22: 0 | O22: 0 | P22: -0.07423717 | Q22: -0.061640245 | R22: 0.00019444531 | S22: -0.00059965058 | T22: 0 | U22: 0.019228641 | V22: -0.00023508639 | W22: -6.2181751 | X22: -1.0285901 | Y22: #NUM! | Z22: #NUM! | AA22: 6.0728437 | AB22: -16.510978 | AC22: -9.3836833 | AD22: 0 | AE22: -5.402975
A23: 2028 Q3 | B23: projection | C23: 0 | D23: #NUM! | E23: #NUM! | F23: 3.8707482 | G23: 1.9619333 | H23: 0.042833559 | I23: 0 | J23: 0.080111563 | K23: -7.6295615 | L23: -0.67887097 | M23: 0 | N23: 0 | O23: 0 | P23: -0.069454283 | Q23: -0.057341967 | R23: 0.00019099633 | S23: -0.00059815633 | T23: 0 | U23: 0.012242642 | V23: -7.9035336e-05 | W23: -6.1968537 | X23: -1.0257865 | Y23: #NUM! | Z23: #NUM! | AA23: 5.8661294 | AB23: -16.41971 | AC23: -9.5423928 | AD23: 0 | AE23: -5.3431588
A24: 2028 Q4 | B24: projection | C24: 0 | D24: #NUM! | E24: #NUM! | F24: 3.8287194 | G24: 1.9425285 | H24: 0.14330114 | I24: 0 | J24: 0.078582488 | K24: 0 | L24: 0 | M24: 0 | N24: 0 | O24: 0 | P24: -0.040987257 | Q24: -0.050833281 | R24: 0.00044099746 | S24: -0.00059836287 | T24: 0 | U24: 0.006756216 | V24: -7.7545396e-05 | W24: 0 | X24: 0 | Y24: #NUM! | Z24: #NUM! | AA24: 5.8993028 | AB24: -0.085315035 | AC24: 5.8194104 | AD24: 0 | AE24: 1.7763568e-15
A25: 2029 Q1 | B25: projection | C25: 0 | D25: #NUM! | E25: #NUM! | F25: 3.8654637 | G25: 1.9255506 | H25: 0.13991375 | I25: 0 | J25: 0.077257121 | K25: 0 | L25: 0 | M25: 0 | N25: 0 | O25: 0 | P25: -0.022490377 | Q25: -0.050848241 | R25: 0 | S25: -0.00049988621 | T25: 0 | U25: 0.0066330604 | V25: -7.6132578e-05 | W25: 0 | X25: 0 | Y25: #NUM! | Z25: #NUM! | AA25: 5.9146687 | AB25: -0.06728898 | AC25: 5.851662 | AD25: 0 | AE25: 1.7763568e-15
A26: 2029 Q2 | B26: projection | C26: 0 | D26: #NUM! | E26: #NUM! | F26: 3.8166955 | G26: 1.9060952 | H26: 0.13651023 | I26: 0 | J26: 0.075960118 | K26: 0 | L26: 0 | M26: 0 | N26: 0 | O26: 0 | P26: -0.022654099 | Q26: -0.051191726 | R26: 0 | S26: -0.00039481458 | T26: 0 | U26: 0.0052167457 | V26: -7.4696415e-05 | W26: 0 | X26: 0 | Y26: #NUM! | Z26: #NUM! | AA26: 5.8440888 | AB26: -0.069107168 | AC26: 5.7793228 | AD26: 0 | AE26: 1.7763568e-15
A27: 2029 Q3 | B27: projection | C27: 0 | D27: #NUM! | E27: #NUM! | F27: 3.7646467 | G27: 1.8849508 | H27: 0.13302576 | I27: 0 | J27: 0.074387659 | K27: 0 | L27: 0 | M27: 0 | N27: 0 | O27: 0 | P27: -0.018170373 | Q27: -0.050273817 | R27: 0 | S27: -0.00029226336 | T27: 0 | U27: 0 | V27: 0 | W27: 0 | X27: 0 | Y27: #NUM! | Z27: #NUM! | AA27: 5.768205 | AB27: -0.068746385 | AC27: 5.7037223 | AD27: 0 | AE27: 1.7763568e-15
A28: 2029 Q4 | B28: projection | C28: 0 | D28: #NUM! | E28: #NUM! | F28: 0 | G28: 0 | H28: 0.1297314 | I28: 0 | J28: 0.073062863 | K28: 0 | L28: 0 | M28: 0 | N28: 0 | O28: 0 | P28: 0 | Q28: -0.040263173 | R28: 0 | S28: -0.00019286382 | T28: 0 | U28: 0 | V28: 0 | W28: 0 | X28: 0 | Y28: #NUM! | Z28: #NUM! | AA28: 0.20269341 | AB28: -0.040456119 | AC28: 0.16232453 | AD28: 0 | AE28: 1.7763568e-15
A29: 2030 Q1 | B29: projection | C29: 0 | D29: #NUM! | E29: #NUM! | F29: 0 | G29: 0 | H29: 0.13040637 | I29: 0 | J29: 0.071599366 | K29: 0 | L29: 0 | M29: 0 | N29: 0 | O29: 0 | P29: 0 | Q29: -0.039310402 | R29: 0 | S29: -9.6308337e-05 | T29: 0 | U29: 0 | V29: 0 | W29: 0 | X29: 0 | Y29: #NUM! | Z29: #NUM! | AA29: 0.20190652 | AB29: -0.039406751 | AC29: 0.16258431 | AD29: 0 | AE29: 1.7763568e-15
A30: 2030 Q2 | B30: projection | C30: 0 | D30: #NUM! | E30: #NUM! | F30: 0 | G30: 0 | H30: 0.12732702 | I30: 0 | J30: 0.070080259 | K30: 0 | L30: 0 | M30: 0 | N30: 0 | O30: 0 | P30: 0 | Q30: -0.038617292 | R30: 0 | S30: 0 | T30: 0 | U30: 0 | V30: 0 | W30: 0 | X30: 0 | Y30: #NUM! | Z30: #NUM! | AA30: 0.19731268 | AB30: -0.038617292 | AC30: 0.15877616 | AD30: 0 | AE30: 1.7763568e-15
A31: 2030 Q3 | B31: projection | C31: 0 | D31: #NUM! | E31: #NUM! | F31: 0 | G31: 0 | H31: 0.12405395 | I31: 0 | J31: 0.06840284 | K31: 0 | L31: 0 | M31: 0 | N31: 0 | O31: 0 | P31: 0 | Q31: -0.037857094 | R31: 0 | S31: 0 | T31: 0 | U31: 0 | V31: 0 | W31: 0 | X31: 0 | Y31: #NUM! | Z31: #NUM! | AA31: 0.19236683 | AB31: -0.037857094 | AC31: 0.15458694 | AD31: 0 | AE31: 1.7763568e-15
A32: 2030 Q4 | B32: projection | C32: 0 | D32: #NUM! | E32: #NUM! | F32: 0 | G32: 0 | H32: 0 | I32: 0 | J32: 0 | K32: 0 | L32: 0 | M32: 0 | N32: 0 | O32: 0 | P32: 0 | Q32: -0.012704187 | R32: 0 | S32: 0 | T32: 0 | U32: 0 | V32: 0 | W32: 0 | X32: 0 | Y32: #NUM! | Z32: #NUM! | AA32: 0 | AB32: -0.012704187 | AC32: -0.012704187 | AD32: 0 | AE32: 1.7763568e-15
... A47: 2034 Q3 | B47: projection | C47: 0 | D47: #NUM! | E47: #NUM! | F47: 0 | G47: 0 | H47: 0 | I47: 0 | J47: 0 | K47: 0 | L47: 0 | M47: 0 | N47: 0 | O47: 0 | P47: 0 | Q47: 0 | R47: 0 | S47: 0 | T47: 0 | U47: 0 | V47: 0 | W47: 0 | X47: 0 | Y47: #NUM! | Z47: #NUM! | AA47: 0 | AB47: 0 | AC47: 0 | AD47: 0 | AE47: 1.7763568e-15

Sheet diff
A1: date | B1: id | C1: recession | D1: federal_purchases_contribution | E1: state_purchases_contribution | F1: federal_non_corporate_taxes_contribution | G1: state_non_corporate_taxes_contribution | H1: federal_corporate_taxes_contribution | I1: supply_side_ira_contribution | J1: state_corporate_taxes_contribution | K1: federal_social_benefits_contribution | L1: state_social_benefits_contribution | M1: rebate_checks_contribution | N1: rebate_checks_arp_contribution | O1: federal_ui_contribution | P1: state_ui_contribution | Q1: federal_subsidies_contribution | R1: federal_aid_to_small_businesses_arp_contribution | S1: federal_other_direct_aid_arp_contribution | T1: federal_other_vulnerable_arp_contribution | U1: federal_student_loans_contribution | V1: state_subsidies_contribution | W1: federal_health_outlays_contribution | X1: state_health_outlays_contribution | Y1: federal_contribution | Z1: state_contribution | AA1: taxes_contribution | AB1: transfers_contribution | AC1: consumption_contribution | AD1: fiscal_impact_measure | AE1: fiscal_impact_4q_ma
A2: 2023 Q2 | B2: historical | C2: -1 | D2: =new!D2-old!D2 -> 0 | E2: =new!E2-old!E2 -> 0 | F2: =new!F2-old!F2 -> 0 | G2: =new!G2-old!G2 -> 0 | H2: =new!H2-old!H2 -> 0 | I2: =new!I2-old!I2 -> 0 | J2: =new!J2-old!J2 -> 0 | K2: =new!K2-old!K2 -> 0 | ... AF2: =new!AF2-old!AF2 -> 0
A3: 2023 Q3 | B3: historical | C3: -1 | D3: =new!D3-old!D3 -> 0 | E3: =new!E3-old!E3 -> 0 | F3: =new!F3-old!F3 -> 0 | G3: =new!G3-old!G3 -> 0 | H3: =new!H3-old!H3 -> 0 | I3: =new!I3-old!I3 -> 0 | J3: =new!J3-old!J3 -> 0 | K3: =new!K3-old!K3 -> 0 | ... AF3: =new!AF3-old!AF3 -> 0
A4: 2023 Q4 | B4: historical | C4: -1 | D4: =new!D4-old!D4 -> 0 | E4: =new!E4-old!E4 -> 0 | F4: =new!F4-old!F4 -> 0 | G4: =new!G4-old!G4 -> 0 | H4: =new!H4-old!H4 -> 0 | I4: =new!I4-old!I4 -> 0 | J4: =new!J4-old!J4 -> 0 | K4: =new!K4-old!K4 -> 0 | ... AF4: =new!AF4-old!AF4 -> 0
A5: 2024 Q1 | B5: historical | C5: -1 | D5: =new!D5-old!D5 -> 0 | E5: =new!E5-old!E5 -> 0 | F5: =new!F5-old!F5 -> 0 | G5: =new!G5-old!G5 -> 0 | H5: =new!H5-old!H5 -> 0 | I5: =new!I5-old!I5 -> 0 | J5: =new!J5-old!J5 -> 0 | K5: =new!K5-old!K5 -> 0 | ... AF5: =new!AF5-old!AF5 -> 0
A6: 2024 Q2 | B6: historical | C6: -1 | D6: =new!D6-old!D6 -> 0 | E6: =new!E6-old!E6 -> 0 | F6: =new!F6-old!F6 -> 0 | G6: =new!G6-old!G6 -> 0 | H6: =new!H6-old!H6 -> 0 | I6: =new!I6-old!I6 -> 0 | J6: =new!J6-old!J6 -> 0 | K6: =new!K6-old!K6 -> 0 | ... AF6: =new!AF6-old!AF6 -> 0
A7: 2024 Q3 | B7: historical | C7: -1 | D7: =new!D7-old!D7 -> 0 | E7: =new!E7-old!E7 -> 0 | F7: =new!F7-old!F7 -> 0 | G7: =new!G7-old!G7 -> 0 | H7: =new!H7-old!H7 -> 0 | I7: =new!I7-old!I7 -> 0 | J7: =new!J7-old!J7 -> 0 | K7: =new!K7-old!K7 -> 0 | ... AF7: =new!AF7-old!AF7 -> 0
A8: 2024 Q4 | B8: historical | C8: -1 | D8: =new!D8-old!D8 -> 0 | E8: =new!E8-old!E8 -> 0 | F8: =new!F8-old!F8 -> 0 | G8: =new!G8-old!G8 -> 0 | H8: =new!H8-old!H8 -> 0 | I8: =new!I8-old!I8 -> 0 | J8: =new!J8-old!J8 -> 0 | K8: =new!K8-old!K8 -> 0 | ... AF8: =new!AF8-old!AF8 -> 0
A9: 2025 Q1 | B9: historical | C9: -1 | D9: =new!D9-old!D9 -> 0 | E9: =new!E9-old!E9 -> 0 | F9: =new!F9-old!F9 -> 0 | G9: =new!G9-old!G9 -> 0 | H9: =new!H9-old!H9 -> 0 | I9: =new!I9-old!I9 -> 0 | J9: =new!J9-old!J9 -> 0 | K9: =new!K9-old!K9 -> 0 | ... AF9: =new!AF9-old!AF9 -> 0
A10: 2025 Q2 | B10: historical | C10: -1 | D10: =new!D10-old!D10 -> 0 | E10: =new!E10-old!E10 -> 0 | F10: =new!F10-old!F10 -> 0 | G10: =new!G10-old!G10 -> 0 | H10: =new!H10-old!H10 -> 0 | I10: =new!I10-old!I10 -> 0 | J10: =new!J10-old!J10 -> 0 | K10: =new!K10-old!K10 -> 0 | ... AF10: =new!AF10-old!AF10 -> 0
A11: 2025 Q3 | B11: projection | C11: 0 | D11: =new!D11-old!D11 -> 0 | E11: =new!E11-old!E11 -> 0 | F11: =new!F11-old!F11 -> 0 | G11: =new!G11-old!G11 -> 0 | H11: =new!H11-old!H11 -> 0 | I11: =new!I11-old!I11 -> 0 | J11: =new!J11-old!J11 -> 0 | K11: =new!K11-old!K11 -> 0 | ... AF11: =new!AF11-old!AF11 -> 0
A12: 2025 Q4 | B12: projection | C12: 0 | D12: =new!D12-old!D12 -> 0 | E12: =new!E12-old!E12 -> 0 | F12: =new!F12-old!F12 -> 0 | G12: =new!G12-old!G12 -> 0 | H12: =new!H12-old!H12 -> 0 | I12: =new!I12-old!I12 -> 0 | J12: =new!J12-old!J12 -> 0 | K12: =new!K12-old!K12 -> 0 | ... AF12: =new!AF12-old!AF12 -> 0
A13: 2026 Q1 | B13: projection | C13: 0 | D13: =new!D13-old!D13 -> 0 | E13: =new!E13-old!E13 -> 0 | F13: =new!F13-old!F13 -> 0 | G13: =new!G13-old!G13 -> 0 | H13: =new!H13-old!H13 -> 0 | I13: =new!I13-old!I13 -> 0 | J13: =new!J13-old!J13 -> 0 | K13: =new!K13-old!K13 -> 0 | ... AF13: =new!AF13-old!AF13 -> 0
... A18: 2027 Q2 | B18: projection | C18: 0 | D18: =new!D18-old!D18 -> 0 | E18: =new!E18-old!E18 -> 0 | F18: =new!F18-old!F18 -> 0 | G18: =new!G18-old!G18 -> 0 | H18: =new!H18-old!H18 -> 0 | I18: =new!I18-old!I18 -> 0 | J18: =new!J18-old!J18 -> 0 | K18: =new!K18-old!K18 -> 0 | ... AF18: =new!AF18-old!AF18 -> 0
