Workbook

Sheet Components
B1: (1) | D1: Federal Subcomponents | G1: (2) | H1: Taxes Subcomponents | L1: (3) | M1: Transfers Subcomponents | O1: (4) | P1: (5)
B2: Purchases | C2: Federal | D2: Fed purchases OBBBA | E2: Fed purchases other | F2: S&L | G2: Taxes | H2: Taxes OBBBA | I2: Supply Side OBBBA | J2: Tariffs | K2: Taxes Other | L2: Transfers | M2: Transfers OBBBA | N2: Transfers Other | O2: Supply Side (IRA, CHIPS, student loans) | P2: Tariff Uncertainty | Q2: FIM
A3: 2025 Q2 | B3: =C3+F3 -> -0.40608412 | C3: -0.94596317 | D3: 0 | E3: =C3-D3 -> -0.94596317 | F3: 0.53987905 | G3: -0.55534609 | H3: 0 | I3: 0 | J3: 0 | K3: =G3-H3-J3-I3 -> -0.55534609 | L3: 0.44530218 | M3: 0 | N3: =L3-M3 -> 0.44530218 | O3: 0.1871692 | P3: -0.3 | Q3: =B3+G3+L3+O3+P3 -> -0.62895883
A4: 2025 Q3 | B4: =C4+F4 -> -0.025846212 | C4: 0.11078208 | D4: 0.26333064 | E4: =C4-D4 -> -0.15254855 | F4: -0.13662829 | G4: -0.0061747166 | H4: 0.36324487 | I4: 0 | J4: -0.41325065 | K4: =G4-H4-J4-I4 -> 0.043831061 | L4: 0.30124016 | M4: -0.011450396 | N4: =L4-M4 -> 0.31269055 | O4: 0.18199766 | P4: -0.3 | Q4: =B4+G4+L4+O4+P4 -> 0.15121689
A5: 2025 Q4 | B5: =C5+F5 -> -0.13670114 | C5: -0.053072004 | D5: 0.14276535 | E5: =C5-D5 -> -0.19583735 | F5: -0.083629139 | G5: -0.099664058 | H5: 0.24139469 | I5: 0 | J5: -0.4970158 | K5: =G5-H5-J5-I5 -> 0.15595705 | L5: 0.33571051 | M5: -0.030533258 | N5: =L5-M5 -> 0.36624377 | O5: 0.071097532 | P5: -0.3 | Q5: =B5+G5+L5+O5+P5 -> -0.12955716
A6: 2026 Q1 | B6: =C6+F6 -> 0.10909178 | C6: 0.24418567 | D6: 0.20092433 | E6: =C6-D6 -> 0.043261335 | F6: -0.13509389 | G6: -0.085086293 | H6: 0.1974875 | I6: 0.06 | J6: -0.28656035 | K6: =G6-H6-J6-I6 -> -0.056013435 | L6: 0.33892734 | M6: -0.028154983 | N6: =L6-M6 -> 0.36708233 | O6: 0.31388233 | P6: -0.24 | Q6: =B6+G6+L6+O6+P6 -> 0.43681516
A7: 2026 Q2 | B7: =C7+F7 -> -0.17282167 | C7: -0.059218055 | D7: 0.12541077 | E7: =C7-D7 -> -0.18462882 | F7: -0.11360361 | G7: -0.033340588 | H7: 0.19341392 | I7: 0.06 | J7: -0.2400719 | K7: =G7-H7-J7-I7 -> -0.04668261 | L7: 0.040123617 | M7: -0.026046165 | N7: =L7-M7 -> 0.066169782 | O7: 0.24883676 | P7: -0.14 | Q7: =B7+G7+L7+O7+P7 -> -0.057201878
A8: 2026 Q3 | B8: =C8+F8 -> -0.22708998 | C8: -0.073368862 | D8: 0.0700293 | E8: =C8-D8 -> -0.14339816 | F8: -0.15372112 | G8: -0.010646021 | H8: 0.13390434 | I8: 0.06 | J8: -0.23614384 | K8: =G8-H8-J8-I8 -> 0.031593475 | L8: 0.092199752 | M8: -0.034076064 | N8: =L8-M8 -> 0.12627582 | O8: 0.076554649 | P8: -0.14 | Q8: =B8+G8+L8+O8+P8 -> -0.2089816
A9: 2026 Q4 | B9: =C9+F9 -> -0.33323664 | C9: -0.19354295 | D9: -0.0064345259 | E9: =C9-D9 -> -0.18710842 | F9: -0.13969369 | G9: 0.029356529 | H9: 0.13098652 | I9: 0.06 | J9: -0.23639649 | K9: =G9-H9-J9-I9 -> 0.074766495 | L9: 0.091536206 | M9: -0.081458626 | N9: =L9-M9 -> 0.17299483 | O9: -0.05321963 | P9: -0.14 | Q9: =B9+G9+L9+O9+P9 -> -0.40556353
A10: 2027 Q1 | B10: =C10+F10 -> -0.26678026 | C10: -0.10882877 | D10: -0.0086757821 | E10: =C10-D10 -> -0.10015299 | F10: -0.15795149 | G10: -0.096033917 | H10: 0.16495007 | I10: 0.06 | J10: -0.23727438 | K10: =G10-H10-J10-I10 -> -0.08370961 | L10: 0.086384521 | M10: -0.080731784 | N10: =L10-M10 -> 0.16711631 | O10: -0.20024746 | P10: -0.04 | Q10: =B10+G10+L10+O10+P10 -> -0.51667712
A11: 2027 Q2 | B11: =C11+F11 -> -0.30191172 | C11: -0.15456652 | D11: -0.008470458 | E11: =C11-D11 -> -0.14609606 | F11: -0.1473452 | G11: 0.087124283 | H11: 0.16015426 | I11: 0.06 | J11: -0.23458822 | K11: =G11-H11-J11-I11 -> 0.10155824 | L11: 0.082342218 | M11: -0.07824496 | N11: =L11-M11 -> 0.16058718 | O11: -0.31115122 | P11: -0.04 | Q11: =B11+G11+L11+O11+P11 -> -0.48359644

Sheet OBBBA, Tariffs
B1: Underlying FIM | C1: OBBBA | D1: Tariffs and Tariff Uncertainty | E1: CHIPS, IRA and Student Loans | F1: Total
A2: 2025 Q2 | B2: =Components!E3 + Components!F3+Components!K3+Components!N3 -> -0.51612803 | C2: =Components!D3+Components!H3+ Components!I3+Components!M3 -> 0 | D2: =Components!J3+Components!P3 -> -0.3 | E2: =Components!O3 -> 0.1871692 | F2: =SUM(B2:E2) -> -0.62895883
A3: 2025 Q3 | B3: =Components!E4 + Components!F4+Components!K4+Components!N4 -> 0.067344767 | C3: =Components!D4+Components!H4+ Components!I4+Components!M4 -> 0.61512511 | D3: =Components!J4+Components!P4 -> -0.71325065 | E3: =Components!O4 -> 0.18199766 | F3: =SUM(B3:E3) -> 0.15121689
A4: 2025 Q4 | B4: =Components!E5 + Components!F5+Components!K5+Components!N5 -> 0.24273433 | C4: =Components!D5+Components!H5+ Components!I5+Components!M5 -> 0.35362678 | D4: =Components!J5+Components!P5 -> -0.7970158 | E4: =Components!O5 -> 0.071097532 | F4: =SUM(B4:E4) -> -0.12955716
A5: 2026 Q1 | B5: =Components!E6 + Components!F6+Components!K6+Components!N6 -> 0.21923634 | C5: =Components!D6+Components!H6+ Components!I6+Components!M6 -> 0.43025685 | D5: =Components!J6+Components!P6 -> -0.52656035 | E5: =Components!O6 -> 0.31388233 | F5: =SUM(B5:E5) -> 0.43681516
A6: 2026 Q2 | B6: =Components!E7 + Components!F7+Components!K7+Components!N7 -> -0.27874526 | C6: =Components!D7+Components!H7+ Components!I7+Components!M7 -> 0.35277852 | D6: =Components!J7+Components!P7 -> -0.3800719 | E6: =Components!O7 -> 0.24883676 | F6: =SUM(B6:E6) -> -0.057201878
A7: 2026 Q3 | B7: =Components!E8 + Components!F8+Components!K8+Components!N8 -> -0.13924999 | C7: =Components!D8+Components!H8+ Components!I8+Components!M8 -> 0.22985758 | D7: =Components!J8+Components!P8 -> -0.37614384 | E7: =Components!O8 -> 0.076554649 | F7: =SUM(B7:E7) -> -0.2089816
A8: 2026 Q4 | B8: =Components!E9 + Components!F9+Components!K9+Components!N9 -> -0.079040782 | C8: =Components!D9+Components!H9+ Components!I9+Components!M9 -> 0.10309337 | D8: =Components!J9+Components!P9 -> -0.37639649 | E8: =Components!O9 -> -0.05321963 | F8: =SUM(B8:E8) -> -0.40556353
A9: 2027 Q1 | B9: =Components!E10 + Components!F10+Components!K10+Components!N10 -> -0.17469778 | C9: =Components!D10+Components!H10+ Components!I10+Components!M10 -> 0.1355425 | D9: =Components!J10+Components!P10 -> -0.27727438 | E9: =Components!O10 -> -0.20024746 | F9: =SUM(B9:E9) -> -0.51667712
A10: 2027 Q2 | B10: =Components!E11 + Components!F11+Components!K11+Components!N11 -> -0.031295843 | C10: =Components!D11+Components!H11+ Components!I11+Components!M11 -> 0.13343884 | D10: =Components!J11+Components!P11 -> -0.27458822 | E10: =Components!O11 -> -0.31115122 | F10: =SUM(B10:E10) -> -0.48359644
