Workbook

Sheet pre_deflator
A1: date | B1: id | C1: recession | D1: federal_purchases_contribution | E1: state_purchases_contribution | F1: federal_non_corporate_taxes_contribution | G1: state_non_corporate_taxes_contribution | H1: federal_corporate_taxes_contribution | I1: supply_side_ira_contribution | J1: state_corporate_taxes_contribution | K1: federal_social_benefits_contribution | L1: state_social_benefits_contribution | M1: rebate_checks_contribution | N1: rebate_checks_arp_contribution | O1: federal_ui_contribution | P1: state_ui_contribution | Q1: federal_subsidies_contribution | R1: federal_aid_to_small_businesses_arp_contribution | S1: federal_other_direct_aid_arp_contribution | T1: federal_other_vulnerable_arp_contribution | U1: federal_student_loans_contribution | V1: state_subsidies_contribution | W1: federal_health_outlays_contribution | X1: state_health_outlays_contribution | Y1: federal_contribution | Z1: state_contribution | AA1: taxes_contribution | AB1: transfers_contribution | AC1: consumption_contribution | AD1: fiscal_impact_measure | AE1: fiscal_impact_4q_ma
A2: 2023 Q2 | B2: historical | C2: -1 | D2: -0.14802611 | E2: 0.32935984 | F2: 0.40168307 | G2: 0.18603735 | H2: -0.082194087 | I2: 0.23535829 | J2: -0.041113772 | K2: -0.11030549 | L2: -0.039292217 | M2: -0.25081207 | N2: -0.42408041 | O2: -0.28390642 | P2: 0.020948001 | Q2: -0.36373095 | R2: 0.00050505984 | S2: -0.041864783 | T2: -0.096126642 | U2: -0.0080992849 | V2: -0.0008915333 | W2: 0.17103649 | X2: 0.10677014 | Y2: -0.23313551 | Z2: 0.41446924 | AA2: 0.69855453 | AB2: -1.3262928 | AC2: -0.61796281 | AD2: -0.43662908 | AE2: -0.83627525
A3: 2023 Q3 | B3: historical | C3: -1 | D3: 0.29138773 | E3: 0.20751042 | F3: 0.11335746 | G3: 0.097716049 | H3: -0.05915321 | I3: 0.2310278 | J3: -0.033405652 | K3: -0.035337896 | L3: -0.097526156 | M3: -0.033451247 | N3: -0.0077388778 | O3: -0.13051737 | P3: 0.044718453 | Q3: -0.37795185 | R3: 0.00059502736 | S3: -0.026783451 | T3: -0.096213711 | U3: -0.13797271 | V3: -6.5844159e-05 | W3: -0.080930365 | X3: 0.24636772 | Y3: -0.13834318 | Z3: 0.63724132 | AA3: 0.34932404 | AB3: -0.7341966 | AC3: -0.38219864 | AD3: 0.11669951 | AE3: -0.20616336
A4: 2023 Q4 | B4: historical | C4: -1 | D4: 0.070409519 | E4: 0.33456315 | F4: 0.084390722 | G4: 0.052044238 | H4: -0.071699906 | I4: 0.082750407 | J4: -0.037624014 | K4: -0.20119765 | L4: -0.25248893 | M4: 0 | N4: -0.0062254866 | O4: -0.0074273919 | P4: 0.025176577 | Q4: -0.16467395 | R4: -0.0057101381 | S4: -0.026574551 | T4: -0.096631639 | U4: -0.11266828 | V4: -4.6437541e-05 | W4: 0.057480661 | X4: 0.073497893 | Y4: 0.28189704 | Z4: 0.12307563 | AA4: 0.10992045 | AB4: -0.71934748 | AC4: -0.60859101 | AD4: -0.20361835 | AE4: -0.15496259
A5: 2024 Q1 | B5: historical | C5: -1 | D5: -0.095656905 | E5: 0.096940856 | F5: 0.49002857 | G5: 0.20839114 | H5: -0.060391934 | I5: 0.12732301 | J5: -0.031435769 | K5: -0.015431334 | L5: -0.024236115 | M5: 0 | N5: -0.11167712 | O5: -0.0014130479 | P5: 0.014852718 | Q5: -0.1478768 | R5: -0.0065334558 | S5: -0.037491898 | T5: -0.063307767 | U5: -0.10447089 | V5: -0.0005835965 | W5: -0.13918165 | X5: 0.13055532 | Y5: -0.14198756 | Z5: 0.14327151 | AA5: 0.73267848 | AB5: -0.50768404 | AC5: 0.2289171 | AD5: 0.23020105 | AE5: -0.073336716
A6: 2024 Q2 | B6: historical | C6: -1 | D6: 0.12347864 | E6: 0.051398583 | F6: 0.35063464 | G6: 0.18132833 | H6: -0.046919377 | I6: 0.094528727 | J6: -0.022967964 | K6: 0.17944505 | L6: 0.020341749 | M6: 0 | N6: -0.104668 | O6: -0.00067198841 | P6: 0.01260551 | Q6: -0.34619776 | R6: -0.016772232 | S6: -0.035908571 | T6: -0.050238211 | U6: -0.096103418 | V6: -0.0021619606 | W6: -0.10798661 | X6: 0.1126516 | Y6: 0.19183196 | Z6: -0.016954735 | AA6: 0.55586415 | AB6: -0.43560311 | AC6: 0.12277732 | AD6: 0.29765454 | AE6: 0.11023419
A7: 2024 Q3 | B7: historical | C7: -1 | D7: 0.4065057 | E7: 0.1366917 | F7: 0.26769889 | G7: 0.02149772 | H7: -0.043703024 | I7: -0.0953656 | J7: -0.012505799 | K7: 0.26285186 | L7: 0.049653198 | M7: 0 | N7: -0.10040558 | O7: -0.00033408507 | P7: 0.010455964 | Q7: -0.30976776 | R7: -0.06669009 | S7: -0.034038326 | T7: -0.043936535 | U7: -0.055729673 | V7: -4.4268525e-05 | W7: 0.20674712 | X7: 0.044619557 | Y7: 0.63577579 | Z7: -0.092578392 | AA7: 0.1379591 | AB7: -0.035405605 | AC7: 0.10260463 | AD7: 0.64580203 | AE7: 0.24250982
A8: 2024 Q4 | B8: historical | C8: -1 | D8: 0.13387378 | E8: 0.040840032 | F8: 0.26578106 | G8: 0.029094859 | H8: -0.034339266 | I8: -0.13372901 | J8: 0.01136901 | K8: 0.27225397 | L8: 0.016960521 | M8: 0 | N8: -0.10036427 | O8: -0.0001725724 | P8: 0.0057762572 | Q8: -0.15458604 | R8: -0.029046972 | S8: -0.022294995 | T8: -0.026522516 | U8: -0.030672088 | V8: -5.5553434e-05 | W8: 0.14998116 | X8: 0.15091666 | Y8: 0.15254838 | Z8: 0.022165438 | AA8: 0.13854798 | AB8: 0.23270567 | AC8: 0.370919 | AD8: 0.54563281 | AE8: 0.42982261
A9: 2025 Q1 | B9: historical | C9: -1 | D9: -0.51945344 | E9: -0.036329069 | F9: -0.068923508 | G9: 0.045824279 | H9: -0.0042648201 | I9: 0.0248513 | J9: 0.013575618 | K9: 0.18178302 | L9: -0.0089342835 | M9: 0 | N9: -0.096865949 | O9: 0 | P9: 0.00044613388 | Q9: -0.073745276 | R9: -0.028114584 | S9: -0.014963859 | T9: -0.010608242 | U9: -0.030099483 | V9: -0.00030217362 | W9: 0.10399977 | X9: 0.002612607 | Y9: -1.1699513 | Z9: 0.61416882 | AA9: 0.011102717 | AB9: 0.025525593 | AC9: 0.036625317 | AD9: -0.51915719 | AE9: 0.24248305
A10: 2025 Q2 | B10: historical | C10: -1 | D10: -0.49659071 | E10: 0.090506589 | F10: -0.49360352 | G10: -0.039331912 | H10: 0.0070579944 | I10: 0.1871692 | J10: 0.0019233388 | K10: 0.46724311 | L10: -0.014502786 | M10: 0 | N10: -0.094949895 | O10: 0 | P10: 0.0018247774 | Q10: -0.094999199 | R10: -0.02673731 | S10: -0.013483429 | T10: -0.010020828 | U10: -0.023738219 | V10: -0.0010380446 | W10: 0.28501646 | X10: -0.029952741 | Y10: -0.94596317 | Z10: 0.53987905 | AA10: -0.33591118 | AB10: 0.44530218 | AC10: -0.18904189 | AD10: -0.59512601 | AE10: 0.019287909
A11: 2025 Q3 | B11: projection | C11: 0 | D11: 0.1631113 | E11: -0.18895751 | F11: -0.22561765 | G11: 0.031964415 | H11: 0.18570532 | I11: 0.18199766 | J11: 0.0069886574 | K11: 0.26976939 | L11: -0.00024409454 | M11: 0 | N11: -0.00099896094 | O11: 0 | P11: -0.0083673707 | Q11: -0.074626504 | R11: -0.026048206 | S11: -0.013810384 | T11: -0.0085423386 | U11: -0.029638323 | V11: -0.00052655433 | W11: 0.22450059 | X11: 0.0019343238 | Y11: 0.11078208 | Z11: -0.13662829 | AA11: 0.18149619 | AB11: 0.33350392 | AC11: 0.21435959 | AD11: 0.18851338 | AE11: -0.095034254
A12: 2025 Q4 | B12: projection | C12: 0 | D12: 0.051277427 | E12: -0.18797857 | F12: -0.18376482 | G12: 0.012855036 | H12: 0.065942043 | I12: 0.071097532 | J12: 0.0096981954 | K12: 0.21821118 | L12: 0.026815537 | M12: 0 | N12: -0.00097192311 | O12: 0 | P12: -0.0077753446 | Q12: -0.036283497 | R12: -0.0039026384 | S12: -0.012854849 | T12: -0.0076754748 | U12: -0.024548492 | V12: -0.00044546802 | W12: 0.2294708 | X12: 0.020152618 | Y12: -0.053072004 | Z12: -0.083629139 | AA12: -0.023945292 | AB12: 0.39989251 | AC12: 0.076048707 | AD12: -0.060652436 | AE12: -0.24660557
A13: 2026 Q1 | B13: projection | C13: 0 | D13: 0.29588505 | E13: -0.18679327 | F13: -0.15788909 | G13: -0.005175253 | H13: 0.063538308 | I13: 0.31388233 | J13: 0.0065070205 | K13: 0.15031915 | L13: 0.040643938 | M13: 0 | N13: -0.00094783566 | O13: 0 | P13: -0.0071485208 | Q13: -0.0028042467 | R13: -0.0026676745 | S13: -0.014294821 | T13: -0.0070418372 | U13: -0.022803876 | V13: -0.00041144841 | W13: 0.27300491 | X13: 0.029331705 | Y13: 0.24418567 | Z13: -0.13509389 | AA13: 0.2212818 | AB13: 0.4347065 | AC13: 0.41496448 | AD13: 0.52405626 | AE13: 0.014197799
... A18: 2027 Q2 | B18: projection | C18: 0 | D18: -0.11072717 | E18: -0.19118456 | F18: -0.02983676 | G18: 0.023800283 | H18: 0.088515383 | I18: -0.31115122 | J18: 0.004630489 | K18: 0.12270905 | L18: 0.010613895 | M18: 0 | N18: 0 | O18: 0 | P18: -0.00081672553 | Q18: 0.0025172322 | R18: -0.00028515852 | S18: -0.0010320556 | T18: -0.0015233461 | U18: -0.0095126456 | V18: -0.00031358356 | W18: 0.089169656 | X18: 0.0013236714 | Y18: -0.15456652 | Z18: -0.1473452 | AA18: -0.22374323 | AB18: 0.21273203 | AC18: -0.050502862 | AD18: -0.35241459 | AE18: -0.2779637

Sheet post_deflator
A1: date | B1: id | C1: recession | D1: federal_purchases_contribution | E1: state_purchases_contribution | F1: federal_non_corporate_taxes_contribution | G1: state_non_corporate_taxes_contribution | H1: federal_corporate_taxes_contribution | I1: supply_side_ira_contribution | J1: state_corporate_taxes_contribution | K1: federal_social_benefits_contribution | L1: state_social_benefits_contribution | M1: rebate_checks_contribution | N1: rebate_checks_arp_contribution | O1: federal_ui_contribution | P1: state_ui_contribution | Q1: federal_subsidies_contribution | R1: federal_aid_to_small_businesses_arp_contribution | S1: federal_other_direct_aid_arp_contribution | T1: federal_other_vulnerable_arp_contribution | U1: federal_student_loans_contribution | V1: state_subsidies_contribution | W1: federal_health_outlays_contribution | X1: state_health_outlays_contribution | Y1: federal_contribution | Z1: state_contribution | AA1: taxes_contribution | AB1: transfers_contribution | AC1: consumption_contribution | AD1: fiscal_impact_measure | AE1: fiscal_impact_4q_ma
A2: 2023 Q2 | B2: historical | C2: -1 | D2: -0.14802611 | E2: 0.32935984 | F2: 0.40168307 | G2: 0.18603735 | H2: -0.082194087 | I2: 0.23535829 | J2: -0.041113772 | K2: -0.11030549 | L2: -0.039292217 | M2: -0.25081207 | N2: -0.42408041 | O2: -0.28390642 | P2: 0.020948001 | Q2: -0.36373095 | R2: 0.00050505984 | S2: -0.041864783 | T2: -0.096126642 | U2: -0.0080992849 | V2: -0.0008915333 | W2: 0.17103649 | X2: 0.10677014 | Y2: -0.23313551 | Z2: 0.41446924 | AA2: 0.69855453 | AB2: -1.3262928 | AC2: -0.61796281 | AD2: -0.43662908 | AE2: -0.83627525
A3: 2023 Q3 | B3: historical | C3: -1 | D3: 0.29138773 | E3: 0.20751042 | F3: 0.11335746 | G3: 0.097716049 | H3: -0.05915321 | I3: 0.2310278 | J3: -0.033405652 | K3: -0.035337896 | L3: -0.097526156 | M3: -0.033451247 | N3: -0.0077388778 | O3: -0.13051737 | P3: 0.044718453 | Q3: -0.37795185 | R3: 0.00059502736 | S3: -0.026783451 | T3: -0.096213711 | U3: -0.13797271 | V3: -6.5844159e-05 | W3: -0.080930365 | X3: 0.24636772 | Y3: -0.13834318 | Z3: 0.63724132 | AA3: 0.34932404 | AB3: -0.7341966 | AC3: -0.38219864 | AD3: 0.11669951 | AE3: -0.20616336
A4: 2023 Q4 | B4: historical | C4: -1 | D4: 0.070409519 | E4: 0.33456315 | F4: 0.084390722 | G4: 0.052044238 | H4: -0.071699906 | I4: 0.082750407 | J4: -0.037624014 | K4: -0.20119765 | L4: -0.25248893 | M4: 0 | N4: -0.0062254866 | O4: -0.0074273919 | P4: 0.025176577 | Q4: -0.16467395 | R4: -0.0057101381 | S4: -0.026574551 | T4: -0.096631639 | U4: -0.11266828 | V4: -4.6437541e-05 | W4: 0.057480661 | X4: 0.073497893 | Y4: 0.28189704 | Z4: 0.12307563 | AA4: 0.10992045 | AB4: -0.71934748 | AC4: -0.60859101 | AD4: -0.20361835 | AE4: -0.15496259
A5: 2024 Q1 | B5: historical | C5: -1 | D5: -0.095656905 | E5: 0.096940856 | F5: 0.49002857 | G5: 0.20839114 | H5: -0.060391934 | I5: 0.12732301 | J5: -0.031435769 | K5: -0.015431334 | L5: -0.024236115 | M5: 0 | N5: -0.11167712 | O5: -0.0014130479 | P5: 0.014852718 | Q5: -0.1478768 | R5: -0.0065334558 | S5: -0.037491898 | T5: -0.063307767 | U5: -0.10447089 | V5: -0.0005835965 | W5: -0.13918165 | X5: 0.13055532 | Y5: -0.14198756 | Z5: 0.14327151 | AA5: 0.73267848 | AB5: -0.50768404 | AC5: 0.2289171 | AD5: 0.23020105 | AE5: -0.073336716
A6: 2024 Q2 | B6: historical | C6: -1 | D6: 0.12347864 | E6: 0.051398583 | F6: 0.35063464 | G6: 0.18132833 | H6: -0.046919377 | I6: 0.094528727 | J6: -0.022967964 | K6: 0.17944505 | L6: 0.020341749 | M6: 0 | N6: -0.104668 | O6: -0.00067198841 | P6: 0.01260551 | Q6: -0.34619776 | R6: -0.016772232 | S6: -0.035908571 | T6: -0.050238211 | U6: -0.096103418 | V6: -0.0021619606 | W6: -0.10798661 | X6: 0.1126516 | Y6: 0.19183196 | Z6: -0.016954735 | AA6: 0.55586415 | AB6: -0.43560311 | AC6: 0.12277732 | AD6: 0.29765454 | AE6: 0.11023419
A7: 2024 Q3 | B7: historical | C7: -1 | D7: 0.4065057 | E7: 0.1366917 | F7: 0.26769889 | G7: 0.02149772 | H7: -0.043703024 | I7: -0.0953656 | J7: -0.012505799 | K7: 0.26285186 | L7: 0.049653198 | M7: 0 | N7: -0.10040558 | O7: -0.00033408507 | P7: 0.010455964 | Q7: -0.30976776 | R7: -0.06669009 | S7: -0.034038326 | T7: -0.043936535 | U7: -0.055729673 | V7: -4.4268525e-05 | W7: 0.20674712 | X7: 0.044619557 | Y7: 0.63577579 | Z7: -0.092578392 | AA7: 0.1379591 | AB7: -0.035405605 | AC7: 0.10260463 | AD7: 0.64580203 | AE7: 0.24250982
A8: 2024 Q4 | B8: historical | C8: -1 | D8: 0.13387378 | E8: 0.040840032 | F8: 0.26578106 | G8: 0.029094859 | H8: -0.034339266 | I8: -0.13372901 | J8: 0.01136901 | K8: 0.27225397 | L8: 0.016960521 | M8: 0 | N8: -0.10036427 | O8: -0.0001725724 | P8: 0.0057762572 | Q8: -0.15458604 | R8: -0.029046972 | S8: -0.022294995 | T8: -0.026522516 | U8: -0.030672088 | V8: -5.5553434e-05 | W8: 0.14998116 | X8: 0.15091666 | Y8: 0.15254838 | Z8: 0.022165438 | AA8: 0.13854798 | AB8: 0.23270567 | AC8: 0.370919 | AD8: 0.54563281 | AE8: 0.42982261
A9: 2025 Q1 | B9: historical | C9: -1 | D9: -0.51945344 | E9: -0.036329069 | F9: -0.068923508 | G9: 0.045824279 | H9: -0.0042648201 | I9: 0.0248513 | J9: 0.013575618 | K9: 0.18178302 | L9: -0.0089342835 | M9: 0 | N9: -0.096865949 | O9: 0 | P9: 0.00044613388 | Q9: -0.073745276 | R9: -0.028114584 | S9: -0.014963859 | T9: -0.010608242 | U9: -0.030099483 | V9: -0.00030217362 | W9: 0.10399977 | X9: 0.002612607 | Y9: -1.1699513 | Z9: 0.61416882 | AA9: 0.011102717 | AB9: 0.025525593 | AC9: 0.036625317 | AD9: -0.51915719 | AE9: 0.24248305
A10: 2025 Q2 | B10: historical | C10: -1 | D10: -0.49659071 | E10: 0.090506589 | F10: -0.49360352 | G10: -0.039331912 | H10: 0.0070579944 | I10: 0.1871692 | J10: 0.0019233388 | K10: 0.46724311 | L10: -0.014502786 | M10: 0 | N10: -0.094949895 | O10: 0 | P10: 0.0018247774 | Q10: -0.094999199 | R10: -0.02673731 | S10: -0.013483429 | T10: -0.010020828 | U10: -0.023738219 | V10: -0.0010380446 | W10: 0.28501646 | X10: -0.029952741 | Y10: -0.94596317 | Z10: 0.53987905 | AA10: -0.33591118 | AB10: 0.44530218 | AC10: -0.18904189 | AD10: -0.59512601 | AE10: 0.019287909
A11: 2025 Q3 | B11: projection | C11: 0 | D11: 0.1631113 | E11: -0.18895751 | F11: -0.22561765 | G11: 0.031964415 | H11: 0.18570532 | I11: 0.18199766 | J11: 0.0069886574 | K11: 0.26976939 | L11: -0.00024409454 | M11: 0 | N11: -0.00099896094 | O11: 0 | P11: -0.0083673707 | Q11: -0.074626504 | R11: -0.026048206 | S11: -0.013810384 | T11: -0.0085423386 | U11: -0.029638323 | V11: -0.00052655433 | W11: 0.22450059 | X11: 0.0019343238 | Y11: 0.11078208 | Z11: -0.13662829 | AA11: 0.18149619 | AB11: 0.33350392 | AC11: 0.21435959 | AD11: 0.18851338 | AE11: -0.095034254
A12: 2025 Q4 | B12: projection | C12: 0 | D12: -0.13843081 | E12: -0.18797857 | F12: -0.18376482 | G12: 0.012855036 | H12: 0.065942043 | I12: 0.071097532 | J12: 0.0096981954 | K12: 0.21821118 | L12: 0.026815537 | M12: 0 | N12: -0.00097192311 | O12: 0 | P12: -0.0077753446 | Q12: -0.036283497 | R12: -0.0039026384 | S12: -0.012854849 | T12: -0.0076754748 | U12: -0.024548492 | V12: -0.00044546802 | W12: 0.2294708 | X12: 0.020152618 | Y12: -0.24278024 | Z12: -0.083629139 | AA12: -0.023945292 | AB12: 0.39989251 | AC12: -1.2239513 | AD12: -1.5503607 | AE12: -0.61903263
A13: 2026 Q1 | B13: projection | C13: 0 | D13: 0.29588505 | E13: -0.18679327 | F13: -0.15788909 | G13: -0.005175253 | H13: 0.063538308 | I13: 0.31388233 | J13: 0.0065070205 | K13: 0.15031915 | L13: 0.040643938 | M13: 0 | N13: -0.00094783566 | O13: 0 | P13: -0.0071485208 | Q13: -0.0028042467 | R13: -0.0026676745 | S13: -0.014294821 | T13: -0.0070418372 | U13: -0.022803876 | V13: -0.00041144841 | W13: 0.27300491 | X13: 0.029331705 | Y13: 0.24418567 | Z13: -0.13509389 | AA13: 0.2212818 | AB13: 0.4347065 | AC13: 0.41496448 | AD13: 0.52405626 | AE13: -0.35822926
... A18: 2027 Q2 | B18: projection | C18: 0 | D18: -0.11072717 | E18: -0.19118456 | F18: -0.02983676 | G18: 0.023800283 | H18: 0.088515383 | I18: -0.31115122 | J18: 0.004630489 | K18: 0.12270905 | L18: 0.010613895 | M18: 0 | N18: 0 | O18: 0 | P18: -0.00081672553 | Q18: 0.0025172322 | R18: -0.00028515852 | S18: -0.0010320556 | T18: -0.0015233461 | U18: -0.0095126456 | V18: -0.00031358356 | W18: 0.089169656 | X18: 0.0013236714 | Y18: -0.15456652 | Z18: -0.1473452 | AA18: -0.22374323 | AB18: 0.21273203 | AC18: -0.050502862 | AD18: -0.35241459 | AE18: -0.2779637

Sheet diff
A1: date | B1: id | C1: recession | D1: federal_purchases_contribution | E1: state_purchases_contribution | F1: federal_non_corporate_taxes_contribution | G1: state_non_corporate_taxes_contribution | H1: federal_corporate_taxes_contribution | I1: supply_side_ira_contribution | J1: state_corporate_taxes_contribution | K1: federal_social_benefits_contribution | L1: state_social_benefits_contribution | M1: rebate_checks_contribution | N1: rebate_checks_arp_contribution | O1: federal_ui_contribution | P1: state_ui_contribution | Q1: federal_subsidies_contribution | R1: federal_aid_to_small_businesses_arp_contribution | S1: federal_other_direct_aid_arp_contribution | T1: federal_other_vulnerable_arp_contribution | U1: federal_student_loans_contribution | V1: state_subsidies_contribution | W1: federal_health_outlays_contribution | X1: state_health_outlays_contribution | Y1: federal_contribution | Z1: state_contribution | AA1: taxes_contribution | AB1: transfers_contribution | AC1: consumption_contribution | AD1: fiscal_impact_measure | AE1: fiscal_impact_4q_ma
A2: 2023 Q2 | B2: historical | C2: -1 | D2: =post_deflator!D2-pre_deflator!D2 -> 0 | E2: =post_deflator!E2-pre_deflator!E2 -> 0 | F2: =post_deflator!F2-pre_deflator!F2 -> 0 | G2: =post_deflator!G2-pre_deflator!G2 -> 0 | H2: =post_deflator!H2-pre_deflator!H2 -> 0 | I2: =post_deflator!I2-pre_deflator!I2 -> 0 | J2: =post_deflator!J2-pre_deflator!J2 -> 0 | K2: =post_deflator!K2-pre_deflator!K2 -> 0 | ... AF2: =post_deflator!AF2-pre_deflator!AF2 -> 0
A3: 2023 Q3 | B3: historical | C3: -1 | D3: =post_deflator!D3-pre_deflator!D3 -> 0 | E3: =post_deflator!E3-pre_deflator!E3 -> 0 | F3: =post_deflator!F3-pre_deflator!F3 -> 0 | G3: =post_deflator!G3-pre_deflator!G3 -> 0 | H3: =post_deflator!H3-pre_deflator!H3 -> 0 | I3: =post_deflator!I3-pre_deflator!I3 -> 0 | J3: =post_deflator!J3-pre_deflator!J3 -> 0 | K3: =post_deflator!K3-pre_deflator!K3 -> 0 | ... AF3: =post_deflator!AF3-pre_deflator!AF3 -> 0
A4: 2023 Q4 | B4: historical | C4: -1 | D4: =post_deflator!D4-pre_deflator!D4 -> 0 | E4: =post_deflator!E4-pre_deflator!E4 -> 0 | F4: =post_deflator!F4-pre_deflator!F4 -> 0 | G4: =post_deflator!G4-pre_deflator!G4 -> 0 | H4: =post_deflator!H4-pre_deflator!H4 -> 0 | I4: =post_deflator!I4-pre_deflator!I4 -> 0 | J4: =post_deflator!J4-pre_deflator!J4 -> 0 | K4: =post_deflator!K4-pre_deflator!K4 -> 0 | ... AF4: =post_deflator!AF4-pre_deflator!AF4 -> 0
A5: 2024 Q1 | B5: historical | C5: -1 | D5: =post_deflator!D5-pre_deflator!D5 -> 0 | E5: =post_deflator!E5-pre_deflator!E5 -> 0 | F5: =post_deflator!F5-pre_deflator!F5 -> 0 | G5: =post_deflator!G5-pre_deflator!G5 -> 0 | H5: =post_deflator!H5-pre_deflator!H5 -> 0 | I5: =post_deflator!I5-pre_deflator!I5 -> 0 | J5: =post_deflator!J5-pre_deflator!J5 -> 0 | K5: =post_deflator!K5-pre_deflator!K5 -> 0 | ... AF5: =post_deflator!AF5-pre_deflator!AF5 -> 0
A6: 2024 Q2 | B6: historical | C6: -1 | D6: =post_deflator!D6-pre_deflator!D6 -> 0 | E6: =post_deflator!E6-pre_deflator!E6 -> 0 | F6: =post_deflator!F6-pre_deflator!F6 -> 0 | G6: =post_deflator!G6-pre_deflator!G6 -> 0 | H6: =post_deflator!H6-pre_deflator!H6 -> 0 | I6: =post_deflator!I6-pre_deflator!I6 -> 0 | J6: =post_deflator!J6-pre_deflator!J6 -> 0 | K6: =post_deflator!K6-pre_deflator!K6 -> 0 | ... AF6: =post_deflator!AF6-pre_deflator!AF6 -> 0
A7: 2024 Q3 | B7: historical | C7: -1 | D7: =post_deflator!D7-pre_deflator!D7 -> 0 | E7: =post_deflator!E7-pre_deflator!E7 -> 0 | F7: =post_deflator!F7-pre_deflator!F7 -> 0 | G7: =post_deflator!G7-pre_deflator!G7 -> 0 | H7: =post_deflator!H7-pre_deflator!H7 -> 0 | I7: =post_deflator!I7-pre_deflator!I7 -> 0 | J7: =post_deflator!J7-pre_deflator!J7 -> 0 | K7: =post_deflator!K7-pre_deflator!K7 -> 0 | ... AF7: =post_deflator!AF7-pre_deflator!AF7 -> 0
A8: 2024 Q4 | B8: historical | C8: -1 | D8: =post_deflator!D8-pre_deflator!D8 -> 0 | E8: =post_deflator!E8-pre_deflator!E8 -> 0 | F8: =post_deflator!F8-pre_deflator!F8 -> 0 | G8: =post_deflator!G8-pre_deflator!G8 -> 0 | H8: =post_deflator!H8-pre_deflator!H8 -> 0 | I8: =post_deflator!I8-pre_deflator!I8 -> 0 | J8: =post_deflator!J8-pre_deflator!J8 -> 0 | K8: =post_deflator!K8-pre_deflator!K8 -> 0 | ... AF8: =post_deflator!AF8-pre_deflator!AF8 -> 0
A9: 2025 Q1 | B9: historical | C9: -1 | D9: =post_deflator!D9-pre_deflator!D9 -> 0 | E9: =post_deflator!E9-pre_deflator!E9 -> 0 | F9: =post_deflator!F9-pre_deflator!F9 -> 0 | G9: =post_deflator!G9-pre_deflator!G9 -> 0 | H9: =post_deflator!H9-pre_deflator!H9 -> 0 | I9: =post_deflator!I9-pre_deflator!I9 -> 0 | J9: =post_deflator!J9-pre_deflator!J9 -> 0 | K9: =post_deflator!K9-pre_deflator!K9 -> 0 | ... AF9: =post_deflator!AF9-pre_deflator!AF9 -> 0
A10: 2025 Q2 | B10: historical | C10: -1 | D10: =post_deflator!D10-pre_deflator!D10 -> 0 | E10: =post_deflator!E10-pre_deflator!E10 -> 0 | F10: =post_deflator!F10-pre_deflator!F10 -> 0 | G10: =post_deflator!G10-pre_deflator!G10 -> 0 | H10: =post_deflator!H10-pre_deflator!H10 -> 0 | I10: =post_deflator!I10-pre_deflator!I10 -> 0 | J10: =post_deflator!J10-pre_deflator!J10 -> 0 | K10: =post_deflator!K10-pre_deflator!K10 -> 0 | ... AF10: =post_deflator!AF10-pre_deflator!AF10 -> 0
A11: 2025 Q3 | B11: projection | C11: 0 | D11: =post_deflator!D11-pre_deflator!D11 -> 0 | E11: =post_deflator!E11-pre_deflator!E11 -> 0 | F11: =post_deflator!F11-pre_deflator!F11 -> 0 | G11: =post_deflator!G11-pre_deflator!G11 -> 0 | H11: =post_deflator!H11-pre_deflator!H11 -> 0 | I11: =post_deflator!I11-pre_deflator!I11 -> 0 | J11: =post_deflator!J11-pre_deflator!J11 -> 0 | K11: =post_deflator!K11-pre_deflator!K11 -> 0 | ... AF11: =post_deflator!AF11-pre_deflator!AF11 -> 0
A12: 2025 Q4 | B12: projection | C12: 0 | D12: =post_deflator!D12-pre_deflator!D12 -> -0.18970824 | E12: =post_deflator!E12-pre_deflator!E12 -> 0 | F12: =post_deflator!F12-pre_deflator!F12 -> 0 | G12: =post_deflator!G12-pre_deflator!G12 -> 0 | H12: =post_deflator!H12-pre_deflator!H12 -> 0 | I12: =post_deflator!I12-pre_deflator!I12 -> 0 | J12: =post_deflator!J12-pre_deflator!J12 -> 0 | K12: =post_deflator!K12-pre_deflator!K12 -> 0 | ... AF12: =post_deflator!AF12-pre_deflator!AF12 -> 0
A13: 2026 Q1 | B13: projection | C13: 0 | D13: =post_deflator!D13-pre_deflator!D13 -> 0 | E13: =post_deflator!E13-pre_deflator!E13 -> 0 | F13: =post_deflator!F13-pre_deflator!F13 -> 0 | G13: =post_deflator!G13-pre_deflator!G13 -> 0 | H13: =post_deflator!H13-pre_deflator!H13 -> 0 | I13: =post_deflator!I13-pre_deflator!I13 -> 0 | J13: =post_deflator!J13-pre_deflator!J13 -> 0 | K13: =post_deflator!K13-pre_deflator!K13 -> 0 | ... AF13: =post_deflator!AF13-pre_deflator!AF13 -> 0
... A18: 2027 Q2 | B18: projection | C18: 0 | D18: =post_deflator!D18-pre_deflator!D18 -> 0 | E18: =post_deflator!E18-pre_deflator!E18 -> 0 | F18: =post_deflator!F18-pre_deflator!F18 -> 0 | G18: =post_deflator!G18-pre_deflator!G18 -> 0 | H18: =post_deflator!H18-pre_deflator!H18 -> 0 | I18: =post_deflator!I18-pre_deflator!I18 -> 0 | J18: =post_deflator!J18-pre_deflator!J18 -> 0 | K18: =post_deflator!K18-pre_deflator!K18 -> 0 | ... AF18: =post_deflator!AF18-pre_deflator!AF18 -> 0
