Workbook

Sheet 12.23
A1: date | B1: id | C1: recession | D1: federal_purchases_contribution | E1: state_purchases_contribution | F1: federal_non_corporate_taxes_contribution | G1: state_non_corporate_taxes_contribution | H1: federal_corporate_taxes_contribution | I1: supply_side_ira_contribution | J1: state_corporate_taxes_contribution | K1: federal_social_benefits_contribution | L1: state_social_benefits_contribution | M1: rebate_checks_contribution | N1: rebate_checks_arp_contribution | O1: federal_ui_contribution | P1: state_ui_contribution | Q1: federal_subsidies_contribution | R1: federal_aid_to_small_businesses_arp_contribution | S1: federal_other_direct_aid_arp_contribution | T1: federal_other_vulnerable_arp_contribution | U1: federal_student_loans_contribution | V1: state_subsidies_contribution | W1: federal_health_outlays_contribution | X1: state_health_outlays_contribution | Y1: federal_contribution | Z1: state_contribution | AA1: taxes_contribution | AB1: transfers_contribution | AC1: consumption_contribution | AD1: fiscal_impact_measure | AE1: fiscal_impact_4q_ma
A2: 1970 Q1 | B2: historical | C2: 1 | AD2: 0
A3: 1970 Q2 | B3: historical | C3: 1 | D3: -1.7208746 | E3: -0.095217508 | F3: -7.5857288 | G3: -4.2126221 | H3: -0.35266548 | I3: 0 | J3: -0.048216746 | K3: 3.9989042 | L3: 0.90245847 | M3: 0 | N3: 0 | O3: 0 | P3: 0.48143967 | Q3: 0.080263379 | R3: 0 | S3: 0 | T3: 0 | U3: 0 | V3: 0 | W3: 0.63148148 | X3: 0.46555827 | Y3: -1.9202416 | Z3: 0.10414949 | AA3: -12.621777 | AB3: 6.4111288 | AC3: -5.270607 | AD3: -7.086699
A4: 1970 Q3 | B4: historical | C4: 1 | D4: -1.0004476 | E4: 0.68875882 | F4: -3.3003728 | G4: -2.1063722 | H4: -0.35644046 | I4: 0 | J4: -0.048427293 | K4: 3.7899881 | L4: 0.94345943 | M4: 0 | N4: 0 | O4: 0 | P4: 0.29993379 | Q4: 0.072018593 | R4: 0 | S4: 0 | T4: 0 | U4: 0 | V4: 0 | W4: 0.62582876 | X4: 0.48142108 | Y4: -1.2227457 | Z4: 0.91105691 | AA4: -5.9170572 | AB4: 6.0813229 | AC4: 0.58199059 | AD4: 0.27030178
A5: 1970 Q4 | B5: historical | C5: 1 | D5: -0.59539865 | E5: -0.099839066 | F5: -3.0450744 | G5: -1.9891872 | H5: -0.31583379 | I5: 0 | J5: -0.042618208 | K5: 3.6930548 | L5: 0.93104793 | M5: 0 | N5: 0 | O5: 0 | P5: 0.28911178 | Q5: 0.065097669 | R5: 0 | S5: 0 | T5: 0 | U5: 0 | V5: 0 | W5: 0.60060624 | X5: 0.47462272 | Y5: -0.61215862 | Z5: -0.083079104 | AA5: -5.4863211 | AB5: 5.9249189 | AC5: 0.82831007 | AD5: 0.13307235 | AE5: -1.6708312
A6: 1971 Q1 | B6: historical | C6: -1 | D6: -1.9432133 | E6: -0.16443621 | F6: -3.396167 | G6: -2.1655443 | H6: -0.37427713 | I6: 0 | J6: -0.051225931 | K6: 0.53999379 | L6: 0.14900668 | M6: 0 | N6: 0 | O6: 0 | P6: 0.2255106 | Q6: 0.057412042 | R6: 0 | S6: 0 | T6: 0 | U6: 0 | V6: 0 | W6: 0.026456932 | X6: 0.073749216 | Y6: -1.7900414 | Z6: -0.31760802 | AA6: -6.094031 | AB6: 1.0678497 | AC6: -4.9549723 | AD6: -7.0626218 | AE6: -3.4364867
A7: 1971 Q2 | B7: historical | C7: -1 | D7: -0.91481577 | E7: -0.037028948 | F7: -3.1091158 | G7: -2.045588 | H7: -0.34986459 | I7: 0 | J7: -0.047764703 | K7: 0.29658623 | L7: 0.11033512 | M7: 0 | N7: 0 | O7: 0 | P7: 0.18976219 | Q7: 0.053815455 | R7: 0 | S7: 0 | T7: 0 | U7: 0 | V7: 0 | W7: 0.01774497 | X7: 0.071196968 | Y7: -0.66343567 | Z7: -0.28840905 | AA7: -5.6490567 | AB7: 0.73711747 | AC7: -4.8642685 | AD7: -5.8161132 | AE7: -3.1188402
A8: 1971 Q3 | B8: historical | C8: -1 | D8: -0.62665936 | E8: -0.24324916 | F8: -3.0350944 | G8: -2.0449581 | H8: -0.32512576 | I8: 0 | J8: -0.048324125 | K8: 0.34769908 | L8: 0.06814062 | M8: 0 | N8: 0 | O8: 0 | P8: 0.099410536 | Q8: 0.046301034 | R8: 0 | S8: 0 | T8: 0 | U8: 0 | V8: 0 | W8: 0.019391391 | X8: 0.069935685 | Y8: -0.87288558 | Z8: 0.0029770591 | AA8: -5.5475121 | AB8: 0.64924223 | AC8: -4.8566792 | AD8: -5.7265877 | AE8: -4.6180626
A9: 1971 Q4 | B9: historical | C9: -1 | D9: -1.5967411 | E9: 0.20464127 | F9: -3.1524221 | G9: -2.1404637 | H9: -0.32974755 | I9: 0 | J9: -0.049600532 | K9: 0.30533207 | L9: 0.055528603 | M9: 0 | N9: 0 | O9: 0 | P9: 0.025306077 | Q9: 0.049219056 | R9: 0 | S9: 0 | T9: 0 | U9: 0 | V9: 0 | W9: 0.02756984 | X9: 0.08358725 | Y9: -1.676196 | Z9: 0.28409623 | AA9: -5.7718929 | AB9: 0.54544726 | AC9: -5.1907807 | AD9: -6.5828805 | AE9: -6.2970508
A10: 1972 Q1 | B10: historical | C10: -1 | D10: 0.0076083814 | E10: -0.27813895 | F10: -0.28672905 | G10: -0.23355424 | H10: -0.33108413 | I10: 0 | J10: -0.052860256 | K10: 0.30732973 | L10: 0.028650064 | M10: 0 | N10: 0 | O10: 0 | P10: 0.022712248 | Q10: 0.061317811 | R10: 0 | S10: 0 | T10: 0 | U10: 0 | V10: 0 | W10: 0.0076150354 | X10: 0.088546917 | Y10: -0.043011106 | Z10: -0.22751947 | AA10: -0.90742711 | AB10: 0.5152768 | AC10: -0.38689033 | AD10: -0.6574209 | AE10: -4.6957506
A11: 1972 Q2 | B11: historical | C11: -1 | D11: 0.084775318 | E11: -0.44802167 | F11: -0.47343651 | G11: -0.36699732 | H11: -0.33256696 | I11: 0 | J11: -0.052462074 | K11: -0.15234869 | L11: 0.031253429 | M11: 0 | N11: 0 | O11: 0 | P11: 0.053299382 | Q11: 0.059143964 | R11: 0 | S11: 0 | T11: 0 | U11: 0 | V11: 0.0017328578 | W11: 0.019821536 | X11: 0.079540266 | Y11: -0.098508911 | Z11: -0.26473744 | AA11: -1.2312861 | AB11: 0.092604778 | AC11: -1.137394 | AD11: -1.5006403 | AE11: -3.6168824
A12: 1972 Q3 | B12: historical | C12: -1 | D12: -2.2912996 | E12: 0.052892534 | F12: -0.14929512 | G12: -0.25195496 | H12: -0.32090549 | I12: 0 | J12: -0.051058735 | K12: -0.056282768 | L12: 0.025803615 | M12: 0 | N12: 0 | O12: 0 | P12: -0.092353432 | Q12: 0.069121574 | R12: 0 | S12: 0 | T12: 0 | U12: 0 | V12: 0.0014236068 | W12: 0.019118542 | X12: 0.092306268 | Y12: -1.8475801 | Z12: -0.39082691 | AA12: -0.77552951 | AB12: 0.059265658 | AC12: -0.71574094 | AD12: -2.954148 | AE12: -2.9237724
A13: 1972 Q4 | B13: historical | C13: -1 | D13: -0.20941421 | E13: 0.28760468 | F13: -0.23923925 | G13: -0.26156638 | H13: -0.35809703 | I13: 0 | J13: -0.05629197 | K13: 0.71468387 | L13: 0.011856386 | M13: 0 | N13: 0 | O13: 0 | P13: -0.21619133 | Q13: 0.063151373 | R13: 0 | S13: 0 | T13: 0 | U13: 0 | V13: 0.0013297151 | W13: 0.027618316 | X13: 0.053833212 | Y13: -0.59144368 | Z13: 0.66963414 | AA13: -0.9183892 | AB13: 0.65702035 | AC13: -0.25473048 | AD13: -0.17654002 | AE13: -1.3221873
A14: 1973 Q1 | B14: historical | C14: -1 | D14: 0.25286219 | E14: -0.15178215 | F14: -0.53453886 | G14: -0.17026044 | H14: -0.056204847 | I14: 0 | J14: -0.012627281 | K14: 0.61368916 | L14: -0.021356032 | M14: 0 | N14: 0 | O14: 0 | P14: -0.17630491 | Q14: 0.0085693925 | R14: 0 | S14: 0 | T14: 0 | U14: 0 | V14: 0.0011736151 | W14: 0.022268331 | X14: 0.040615339 | Y14: 0.21741409 | Z14: -0.11633404 | AA14: -0.77517785 | AB14: 0.48960181 | AC14: -0.28138962 | AD14: -0.18030957 | AE14: -1.2029095
A15: 1973 Q2 | B15: historical | C15: -1 | D15: -1.04442 | E15: -0.28929013 | F15: -0.28074729 | G15: 0.047978687 | H15: -0.02186417 | I15: 0 | J15: -0.0090926281 | K15: 0.53711485 | L15: -0.050129303 | M15: 0 | N15: 0 | O15: 0 | P15: -0.13256345 | Q15: -0.0016288747 | R15: 0 | S15: 0 | T15: 0 | U15: 0 | V15: 0.0008925215 | W15: 0.021131694 | X15: 0.046010787 | Y15: -0.95182219 | Z15: -0.38188796 | AA15: -0.26365488 | AB15: 0.42160762 | AC15: 0.15924528 | AD15: -1.1744649 | AE15: -1.1213656
A16: 1973 Q3 | B16: historical | C16: -1 | D16: -1.7794376 | E16: 0.083887456 | F16: -0.19240486 | G16: 0.032102095 | H16: 0.0060318364 | I16: 0 | J16: -0.0057146101 | K16: 0.51506195 | L16: -0.061351483 | M16: 0 | N16: 0 | O16: 0 | P16: -0.087334841 | Q16: -0.015104831 | R16: 0 | S16: 0 | T16: 0 | U16: 0 | V16: 0.0008544705 | W16: 0.040736027 | X16: 0.010214802 | Y16: -2.0739754 | Z16: 0.37842521 | AA16: -0.15991311 | AB16: 0.40374884 | AC16: 0.24458308 | AD16: -1.4509671 | AE16: -0.74557039
... A233: 2027 Q4 | B233: projection | C233: 0 | D233: -6.6055735 | E233: -10.903758 | F233: 7.8307788 | G233: 3.9518312 | H233: 0.22500364 | I233: -1.0422372 | J233: 0.079532647 | K233: -7.5991941 | L233: -0.68191822 | M233: 0 | N233: 0 | O233: 0 | P233: -0.093234202 | Q233: -0.07346658 | R233: 0.00020002505 | S233: -0.0010017712 | T233: -0.00024256419 | U233: 0.022180915 | V233: -0.00024429149 | W233: -6.2431423 | X233: -1.0414595 | Y233: -8.2219824 | Z233: -9.2873491 | AA233: 10.801027 | AB233: -16.499625 | AC233: -3.7984473 | AD233: -21.307779 | AE233: -5.6152038
A234: 2028 Q1 | B234: projection | C234: 0 | D234: #NUM! | E234: #NUM! | F234: 7.6737985 | G234: 3.914711 | H234: 0.20501991 | I234: 0 | J234: 0.082231497 | K234: -7.6577113 | L234: -0.67882257 | M234: 0 | N234: 0 | O234: 0 | P234: -0.078388292 | Q234: -0.064102703 | R234: 0.00019639053 | S234: -0.0010064875 | T234: 0 | U234: 0.020439914 | V234: -0.00023984138 | W234: -6.2178369 | X234: -1.0373965 | Y234: #NUM! | Z234: #NUM! | AA234: 11.511415 | AB234: -16.499715 | AC234: -2.9617931 | AD234: 0 | AE234: -5.5008104
A235: 2028 Q2 | B235: projection | C235: 0 | D235: #NUM! | E235: #NUM! | F235: 3.8479746 | G235: 1.9636458 | H235: 0.20123682 | I235: 0 | J235: 0.080084222 | K235: -7.5891023 | L235: -0.67478452 | M235: 0 | N235: 0 | O235: 0 | P235: -0.073508157 | Q235: -0.061867533 | R235: 0.00019253628 | S235: -0.0005937633 | T235: 0 | U235: 0.019039868 | V235: -0.00023511512 | W235: -6.184107 | X235: -1.0317819 | Y235: #NUM! | Z235: #NUM! | AA235: 5.9934032 | AB235: -16.370657 | AC235: -9.3410819 | AD235: 0 | AE235: -5.393706
A236: 2028 Q3 | B236: projection | C236: 0 | D236: #NUM! | E236: #NUM! | F236: 3.8103146 | G236: 1.9451689 | H236: 0.04241308 | I236: 0 | J236: 0.072205038 | K236: -7.5366793 | L236: -0.67219228 | M236: 0 | N236: 0 | O236: 0 | P236: -0.068772248 | Q236: -0.058193571 | R236: 0.00018912116 | S236: -0.00059228371 | T236: 0 | U236: 0.01212245 | V236: -0.00023093091 | W236: -6.1629111 | X236: -1.0290174 | Y236: #NUM! | Z236: #NUM! | AA236: 5.7828251 | AB236: -16.281503 | AC236: -9.506076 | AD236: 0 | AE236: -5.3269447
A237: 2028 Q4 | B237: projection | C237: 0 | D237: #NUM! | E237: #NUM! | F237: 3.7688976 | G237: 1.9259371 | H237: 0.14189484 | I237: 0 | J237: 0.068587256 | K237: 0 | L237: 0 | M237: 0 | N237: 0 | O237: 0 | P237: -0.0405848 | Q237: -0.051690708 | R237: 0.00043666783 | S237: -0.00059248823 | T237: 0 | U237: 0.0066898859 | V237: -7.754252e-05 | W237: 0 | X237: 0 | Y237: #NUM! | Z237: #NUM! | AA237: 5.8139216 | AB237: -0.085835042 | AC237: 5.7334854 | AD237: 0 | AE237: 8.8817842e-16
A238: 2029 Q1 | B238: projection | C238: 0 | D238: #NUM! | E238: #NUM! | F238: 3.8425918 | G238: 1.9091105 | H238: 0.13854068 | I238: 0 | J238: 0.067430404 | K238: 0 | L238: 0 | M238: 0 | N238: 0 | O238: 0 | P238: -0.022269555 | Q238: -0.051681252 | R238: 0 | S238: -0.0004949784 | T238: 0 | U238: 0.0065679394 | V238: -7.6133563e-05 | W238: 0 | X238: 0 | Y238: #NUM! | Z238: #NUM! | AA238: 5.865714 | AB238: -0.067961501 | AC238: 5.8020597 | AD238: 0 | AE238: 8.8817842e-16
A239: 2029 Q2 | B239: projection | C239: 0 | D239: #NUM! | E239: #NUM! | F239: 3.7939987 | G239: 1.8898326 | H239: 0.13517055 | I239: 0 | J239: 0.066298314 | K239: 0 | L239: 0 | M239: 0 | N239: 0 | O239: 0 | P239: -0.022431669 | Q239: -0.051996683 | R239: 0 | S239: -0.00039093835 | T239: 0 | U239: 0.0051655293 | V239: -7.4701205e-05 | W239: 0 | X239: 0 | Y239: #NUM! | Z239: #NUM! | AA239: 5.7956454 | AB239: -0.069737157 | AC239: 5.7302709 | AD239: 0 | AE239: 8.8817842e-16
A240: 2029 Q3 | B240: projection | C240: 0 | D240: #NUM! | E240: #NUM! | F240: 3.7421462 | G240: 1.8688813 | H240: 0.13172026 | I240: 0 | J240: 0.064925799 | K240: 0 | L240: 0 | M240: 0 | N240: 0 | O240: 0 | P240: -0.01799197 | Q240: -0.051403811 | R240: 0 | S240: -0.00028939396 | T240: 0 | U240: 0 | V240: -7.3216123e-05 | W240: 0 | X240: 0 | Y240: #NUM! | Z240: #NUM! | AA240: 5.7203435 | AB240: -0.069768541 | AC240: 5.6548841 | AD240: 0 | AE240: 8.8817842e-16
A241: 2029 Q4 | B241: projection | C241: 0 | D241: #NUM! | E241: #NUM! | F241: 0 | G241: 0 | H241: 0.12845822 | I241: 0 | J241: 0.063769456 | K241: 0 | L241: 0 | M241: 0 | N241: 0 | O241: 0 | P241: 0 | Q241: -0.041229719 | R241: 0 | S241: -0.00019097032 | T241: 0 | U241: 0 | V241: 0 | W241: 0 | X241: 0 | Y241: #NUM! | Z241: #NUM! | AA241: 0.19214014 | AB241: -0.041420773 | AC241: 0.1508044 | AD241: 0 | AE241: 8.8817842e-16
A242: 2030 Q1 | B242: projection | C242: 0 | D242: #NUM! | E242: #NUM! | F242: 0 | G242: 0 | H242: 0.12912657 | I242: 0 | J242: 0.062492048 | K242: 0 | L242: 0 | M242: 0 | N242: 0 | O242: 0 | P242: 0 | Q242: -0.040261544 | R242: 0 | S242: -9.5362797e-05 | T242: 0 | U242: 0 | V242: 0 | W242: 0 | X242: 0 | Y242: #NUM! | Z242: #NUM! | AA242: 0.19153251 | AB242: -0.040356947 | AC242: 0.15125804 | AD242: 0 | AE242: 8.8817842e-16
A243: 2030 Q2 | B243: projection | C243: 0 | D243: #NUM! | E243: #NUM! | F243: 0 | G243: 0 | H243: 0.12607742 | I243: 0 | J243: 0.061166101 | K243: 0 | L243: 0 | M243: 0 | N243: 0 | O243: 0 | P243: 0 | Q243: -0.039551658 | R243: 0 | S243: 0 | T243: 0 | U243: 0 | V243: 0 | W243: 0 | X243: 0 | Y243: #NUM! | Z243: #NUM! | AA243: 0.18716142 | AB243: -0.039551658 | AC243: 0.14768857 | AD243: 0 | AE243: 8.8817842e-16
A244: 2030 Q3 | B244: projection | C244: 0 | D244: #NUM! | E244: #NUM! | F244: 0 | G244: 0 | H244: 0.12283646 | I244: 0 | J244: 0.059701983 | K244: 0 | L244: 0 | M244: 0 | N244: 0 | O244: 0 | P244: 0 | Q244: -0.038773063 | R244: 0 | S244: 0 | T244: 0 | U244: 0 | V244: 0 | W244: 0 | X244: 0 | Y244: #NUM! | Z244: #NUM! | AA244: 0.18246038 | AB244: -0.038773063 | AC244: 0.14376262 | AD244: 0 | AE244: 8.8817842e-16
A245: 2030 Q4 | B245: projection | C245: 0 | D245: #NUM! | E245: #NUM! | F245: 0 | G245: 0 | H245: 0 | I245: 0 | J245: 0 | K245: 0 | L245: 0 | M245: 0 | N245: 0 | O245: 0 | P245: 0 | Q245: -0.013011521 | R245: 0 | S245: 0 | T245: 0 | U245: 0 | V245: 0 | W245: 0 | X245: 0 | Y245: #NUM! | Z245: #NUM! | AA245: 0 | AB245: -0.013011521 | AC245: -0.013011521 | AD245: 0 | AE245: 8.8817842e-16
... A260: 2034 Q3 | B260: projection | C260: 0 | D260: #NUM! | E260: #NUM! | F260: 0 | G260: 0 | H260: 0 | I260: 0 | J260: 0 | K260: 0 | L260: 0 | M260: 0 | N260: 0 | O260: 0 | P260: 0 | Q260: 0 | R260: 0 | S260: 0 | T260: 0 | U260: 0 | V260: 0 | W260: 0 | X260: 0 | Y260: #NUM! | Z260: #NUM! | AA260: 0 | AB260: 0 | AC260: 0 | AD260: 0 | AE260: 8.8817842e-16

Sheet 12.05
A1: date | B1: id | C1: recession | D1: federal_purchases_contribution | E1: state_purchases_contribution | F1: federal_non_corporate_taxes_contribution | G1: state_non_corporate_taxes_contribution | H1: federal_corporate_taxes_contribution | I1: supply_side_ira_contribution | J1: state_corporate_taxes_contribution | K1: federal_social_benefits_contribution | L1: state_social_benefits_contribution | M1: rebate_checks_contribution | N1: rebate_checks_arp_contribution | O1: federal_ui_contribution | P1: state_ui_contribution | Q1: federal_subsidies_contribution | R1: federal_aid_to_small_businesses_arp_contribution | S1: federal_other_direct_aid_arp_contribution | T1: federal_other_vulnerable_arp_contribution | U1: federal_student_loans_contribution | V1: state_subsidies_contribution | W1: federal_health_outlays_contribution | X1: state_health_outlays_contribution | Y1: federal_contribution | Z1: state_contribution | AA1: taxes_contribution | AB1: transfers_contribution | AC1: consumption_contribution | AD1: fiscal_impact_measure | AE1: fiscal_impact_4q_ma
A2: 1970 Q1 | B2: historical | C2: 1 | AD2: 0
A3: 1970 Q2 | B3: historical | C3: 1 | D3: -1.7208746 | E3: -0.095217508 | F3: -7.5857288 | G3: -4.2126221 | H3: -0.35266548 | I3: 0 | J3: -0.048216746 | K3: 3.9989042 | L3: 0.90245847 | M3: 0 | N3: 0 | O3: 0 | P3: 0.48143967 | Q3: 0.080263379 | R3: 0 | S3: 0 | T3: 0 | U3: 0 | V3: 0 | W3: 0.63148148 | X3: 0.46555827 | Y3: -1.9202416 | Z3: 0.10414949 | AA3: -12.621777 | AB3: 6.4111288 | AC3: -5.270607 | AD3: -7.086699
A4: 1970 Q3 | B4: historical | C4: 1 | D4: -1.0004476 | E4: 0.68875882 | F4: -3.3003728 | G4: -2.1063722 | H4: -0.35644046 | I4: 0 | J4: -0.048427293 | K4: 3.7899881 | L4: 0.94345943 | M4: 0 | N4: 0 | O4: 0 | P4: 0.29993379 | Q4: 0.072018593 | R4: 0 | S4: 0 | T4: 0 | U4: 0 | V4: 0 | W4: 0.62582876 | X4: 0.48142108 | Y4: -1.2227457 | Z4: 0.91105691 | AA4: -5.9170572 | AB4: 6.0813229 | AC4: 0.58199059 | AD4: 0.27030178
A5: 1970 Q4 | B5: historical | C5: 1 | D5: -0.59539865 | E5: -0.099839066 | F5: -3.0450744 | G5: -1.9891872 | H5: -0.31583379 | I5: 0 | J5: -0.042618208 | K5: 3.6930548 | L5: 0.93104793 | M5: 0 | N5: 0 | O5: 0 | P5: 0.28911178 | Q5: 0.065097669 | R5: 0 | S5: 0 | T5: 0 | U5: 0 | V5: 0 | W5: 0.60060624 | X5: 0.47462272 | Y5: -0.61215862 | Z5: -0.083079104 | AA5: -5.4863211 | AB5: 5.9249189 | AC5: 0.82831007 | AD5: 0.13307235 | AE5: -1.6708312
A6: 1971 Q1 | B6: historical | C6: -1 | D6: -1.9432133 | E6: -0.16443621 | F6: -3.396167 | G6: -2.1655443 | H6: -0.37427713 | I6: 0 | J6: -0.051225931 | K6: 0.53999379 | L6: 0.14900668 | M6: 0 | N6: 0 | O6: 0 | P6: 0.2255106 | Q6: 0.057412042 | R6: 0 | S6: 0 | T6: 0 | U6: 0 | V6: 0 | W6: 0.026456932 | X6: 0.073749216 | Y6: -1.7900414 | Z6: -0.31760802 | AA6: -6.094031 | AB6: 1.0678497 | AC6: -4.9549723 | AD6: -7.0626218 | AE6: -3.4364867
A7: 1971 Q2 | B7: historical | C7: -1 | D7: -0.91481577 | E7: -0.037028948 | F7: -3.1091158 | G7: -2.045588 | H7: -0.34986459 | I7: 0 | J7: -0.047764703 | K7: 0.29658623 | L7: 0.11033512 | M7: 0 | N7: 0 | O7: 0 | P7: 0.18976219 | Q7: 0.053815455 | R7: 0 | S7: 0 | T7: 0 | U7: 0 | V7: 0 | W7: 0.01774497 | X7: 0.071196968 | Y7: -0.66343567 | Z7: -0.28840905 | AA7: -5.6490567 | AB7: 0.73711747 | AC7: -4.8642685 | AD7: -5.8161132 | AE7: -3.1188402
A8: 1971 Q3 | B8: historical | C8: -1 | D8: -0.62665936 | E8: -0.24324916 | F8: -3.0350944 | G8: -2.0449581 | H8: -0.32512576 | I8: 0 | J8: -0.048324125 | K8: 0.34769908 | L8: 0.06814062 | M8: 0 | N8: 0 | O8: 0 | P8: 0.099410536 | Q8: 0.046301034 | R8: 0 | S8: 0 | T8: 0 | U8: 0 | V8: 0 | W8: 0.019391391 | X8: 0.069935685 | Y8: -0.87288558 | Z8: 0.0029770591 | AA8: -5.5475121 | AB8: 0.64924223 | AC8: -4.8566792 | AD8: -5.7265877 | AE8: -4.6180626
A9: 1971 Q4 | B9: historical | C9: -1 | D9: -1.5967411 | E9: 0.20464127 | F9: -3.1524221 | G9: -2.1404637 | H9: -0.32974755 | I9: 0 | J9: -0.049600532 | K9: 0.30533207 | L9: 0.055528603 | M9: 0 | N9: 0 | O9: 0 | P9: 0.025306077 | Q9: 0.049219056 | R9: 0 | S9: 0 | T9: 0 | U9: 0 | V9: 0 | W9: 0.02756984 | X9: 0.08358725 | Y9: -1.676196 | Z9: 0.28409623 | AA9: -5.7718929 | AB9: 0.54544726 | AC9: -5.1907807 | AD9: -6.5828805 | AE9: -6.2970508
A10: 1972 Q1 | B10: historical | C10: -1 | D10: 0.0076083814 | E10: -0.27813895 | F10: -0.28672905 | G10: -0.23355424 | H10: -0.33108413 | I10: 0 | J10: -0.052860256 | K10: 0.30732973 | L10: 0.028650064 | M10: 0 | N10: 0 | O10: 0 | P10: 0.022712248 | Q10: 0.061317811 | R10: 0 | S10: 0 | T10: 0 | U10: 0 | V10: 0 | W10: 0.0076150354 | X10: 0.088546917 | Y10: -0.043011106 | Z10: -0.22751947 | AA10: -0.90742711 | AB10: 0.5152768 | AC10: -0.38689033 | AD10: -0.6574209 | AE10: -4.6957506
A11: 1972 Q2 | B11: historical | C11: -1 | D11: 0.084775318 | E11: -0.44802167 | F11: -0.47343651 | G11: -0.36699732 | H11: -0.33256696 | I11: 0 | J11: -0.052462074 | K11: -0.15234869 | L11: 0.031253429 | M11: 0 | N11: 0 | O11: 0 | P11: 0.053299382 | Q11: 0.059143964 | R11: 0 | S11: 0 | T11: 0 | U11: 0 | V11: 0.0017328578 | W11: 0.019821536 | X11: 0.079540266 | Y11: -0.098508911 | Z11: -0.26473744 | AA11: -1.2312861 | AB11: 0.092604778 | AC11: -1.137394 | AD11: -1.5006403 | AE11: -3.6168824
A12: 1972 Q3 | B12: historical | C12: -1 | D12: -2.2912996 | E12: 0.052892534 | F12: -0.14929512 | G12: -0.25195496 | H12: -0.32090549 | I12: 0 | J12: -0.051058735 | K12: -0.056282768 | L12: 0.025803615 | M12: 0 | N12: 0 | O12: 0 | P12: -0.092353432 | Q12: 0.069121574 | R12: 0 | S12: 0 | T12: 0 | U12: 0 | V12: 0.0014236068 | W12: 0.019118542 | X12: 0.092306268 | Y12: -1.8475801 | Z12: -0.39082691 | AA12: -0.77552951 | AB12: 0.059265658 | AC12: -0.71574094 | AD12: -2.954148 | AE12: -2.9237724
A13: 1972 Q4 | B13: historical | C13: -1 | D13: -0.20941421 | E13: 0.28760468 | F13: -0.23923925 | G13: -0.26156638 | H13: -0.35809703 | I13: 0 | J13: -0.05629197 | K13: 0.71468387 | L13: 0.011856386 | M13: 0 | N13: 0 | O13: 0 | P13: -0.21619133 | Q13: 0.063151373 | R13: 0 | S13: 0 | T13: 0 | U13: 0 | V13: 0.0013297151 | W13: 0.027618316 | X13: 0.053833212 | Y13: -0.59144368 | Z13: 0.66963414 | AA13: -0.9183892 | AB13: 0.65702035 | AC13: -0.25473048 | AD13: -0.17654002 | AE13: -1.3221873
A14: 1973 Q1 | B14: historical | C14: -1 | D14: 0.25286219 | E14: -0.15178215 | F14: -0.53453886 | G14: -0.17026044 | H14: -0.056204847 | I14: 0 | J14: -0.012627281 | K14: 0.61368916 | L14: -0.021356032 | M14: 0 | N14: 0 | O14: 0 | P14: -0.17630491 | Q14: 0.0085693925 | R14: 0 | S14: 0 | T14: 0 | U14: 0 | V14: 0.0011736151 | W14: 0.022268331 | X14: 0.040615339 | Y14: 0.21741409 | Z14: -0.11633404 | AA14: -0.77517785 | AB14: 0.48960181 | AC14: -0.28138962 | AD14: -0.18030957 | AE14: -1.2029095
A15: 1973 Q2 | B15: historical | C15: -1 | D15: -1.04442 | E15: -0.28929013 | F15: -0.28074729 | G15: 0.047978687 | H15: -0.02186417 | I15: 0 | J15: -0.0090926281 | K15: 0.53711485 | L15: -0.050129303 | M15: 0 | N15: 0 | O15: 0 | P15: -0.13256345 | Q15: -0.0016288747 | R15: 0 | S15: 0 | T15: 0 | U15: 0 | V15: 0.0008925215 | W15: 0.021131694 | X15: 0.046010787 | Y15: -0.95182219 | Z15: -0.38188796 | AA15: -0.26365488 | AB15: 0.42160762 | AC15: 0.15924528 | AD15: -1.1744649 | AE15: -1.1213656
A16: 1973 Q3 | B16: historical | C16: -1 | D16: -1.7794376 | E16: 0.083887456 | F16: -0.19240486 | G16: 0.032102095 | H16: 0.0060318364 | I16: 0 | J16: -0.0057146101 | K16: 0.51506195 | L16: -0.061351483 | M16: 0 | N16: 0 | O16: 0 | P16: -0.087334841 | Q16: -0.015104831 | R16: 0 | S16: 0 | T16: 0 | U16: 0 | V16: 0.0008544705 | W16: 0.040736027 | X16: 0.010214802 | Y16: -2.0739754 | Z16: 0.37842521 | AA16: -0.15991311 | AB16: 0.40374884 | AC16: 0.24458308 | AD16: -1.4509671 | AE16: -0.74557039
... A233: 2027 Q4 | B233: projection | C233: 0 | D233: -6.6403063 | E233: -10.933209 | F233: 7.9199134 | G233: 3.9857046 | H233: 0.22723304 | I233: -1.0526043 | J233: 0.081128589 | K233: -7.693609 | L233: -0.68869377 | M233: 0 | N233: 0 | O233: 0 | P233: -0.094158903 | Q233: -0.072849055 | R233: 0.00020200833 | S233: -0.001011704 | T233: -0.00024496926 | U233: 0.022400827 | V233: -0.00024429215 | W233: -6.2772614 | X233: -1.0386187 | Y233: -8.1949201 | Z233: -9.3785954 | AA233: 10.913544 | AB233: -16.640976 | AC233: -3.7991195 | AD233: -21.372635 | AE233: -5.6479357
A234: 2028 Q1 | B234: projection | C234: 0 | D234: #NUM! | E234: #NUM! | F234: 7.7562286 | G234: 3.9482406 | H234: 0.20705143 | I234: 0 | J234: 0.083843091 | K234: -7.7526184 | L234: -0.68556729 | M234: 0 | N234: 0 | O234: 0 | P234: -0.079165714 | Q234: -0.063764487 | R234: 0.00019833778 | S234: -0.001016467 | T234: 0 | U234: 0.020642566 | V234: -0.00023983112 | W234: -6.2519877 | X234: -1.0343461 | Y234: #NUM! | Z234: #NUM! | AA234: 11.62535 | AB234: -16.641485 | AC234: -2.9606043 | AD234: 0 | AE234: -5.5199131
A235: 2028 Q2 | B235: projection | C235: 0 | D235: #NUM! | E235: #NUM! | F235: 3.9089608 | G235: 1.9805839 | H235: 0.20323088 | I235: 0 | J235: 0.081665082 | K235: -7.6828951 | L235: -0.68148905 | M235: 0 | N235: 0 | O235: 0 | P235: -0.07423717 | Q235: -0.061640245 | R235: 0.00019444531 | S235: -0.00059965058 | T235: 0 | U235: 0.019228641 | V235: -0.00023508639 | W235: -6.2181751 | X235: -1.0285901 | Y235: #NUM! | Z235: #NUM! | AA235: 6.0728437 | AB235: -16.510978 | AC235: -9.3836833 | AD235: 0 | AE235: -5.402975
A236: 2028 Q3 | B236: projection | C236: 0 | D236: #NUM! | E236: #NUM! | F236: 3.8707482 | G236: 1.9619333 | H236: 0.042833559 | I236: 0 | J236: 0.080111563 | K236: -7.6295615 | L236: -0.67887097 | M236: 0 | N236: 0 | O236: 0 | P236: -0.069454283 | Q236: -0.057341967 | R236: 0.00019099633 | S236: -0.00059815633 | T236: 0 | U236: 0.012242642 | V236: -7.9035336e-05 | W236: -6.1968537 | X236: -1.0257865 | Y236: #NUM! | Z236: #NUM! | AA236: 5.8661294 | AB236: -16.41971 | AC236: -9.5423928 | AD236: 0 | AE236: -5.3431588
A237: 2028 Q4 | B237: projection | C237: 0 | D237: #NUM! | E237: #NUM! | F237: 3.8287194 | G237: 1.9425285 | H237: 0.14330114 | I237: 0 | J237: 0.078582488 | K237: 0 | L237: 0 | M237: 0 | N237: 0 | O237: 0 | P237: -0.040987257 | Q237: -0.050833281 | R237: 0.00044099746 | S237: -0.00059836287 | T237: 0 | U237: 0.006756216 | V237: -7.7545396e-05 | W237: 0 | X237: 0 | Y237: #NUM! | Z237: #NUM! | AA237: 5.8993028 | AB237: -0.085315035 | AC237: 5.8194104 | AD237: 0 | AE237: 1.7763568e-15
A238: 2029 Q1 | B238: projection | C238: 0 | D238: #NUM! | E238: #NUM! | F238: 3.8654637 | G238: 1.9255506 | H238: 0.13991375 | I238: 0 | J238: 0.077257121 | K238: 0 | L238: 0 | M238: 0 | N238: 0 | O238: 0 | P238: -0.022490377 | Q238: -0.050848241 | R238: 0 | S238: -0.00049988621 | T238: 0 | U238: 0.0066330604 | V238: -7.6132578e-05 | W238: 0 | X238: 0 | Y238: #NUM! | Z238: #NUM! | AA238: 5.9146687 | AB238: -0.06728898 | AC238: 5.851662 | AD238: 0 | AE238: 1.7763568e-15
A239: 2029 Q2 | B239: projection | C239: 0 | D239: #NUM! | E239: #NUM! | F239: 3.8166955 | G239: 1.9060952 | H239: 0.13651023 | I239: 0 | J239: 0.075960118 | K239: 0 | L239: 0 | M239: 0 | N239: 0 | O239: 0 | P239: -0.022654099 | Q239: -0.051191726 | R239: 0 | S239: -0.00039481458 | T239: 0 | U239: 0.0052167457 | V239: -7.4696415e-05 | W239: 0 | X239: 0 | Y239: #NUM! | Z239: #NUM! | AA239: 5.8440888 | AB239: -0.069107168 | AC239: 5.7793228 | AD239: 0 | AE239: 1.7763568e-15
A240: 2029 Q3 | B240: projection | C240: 0 | D240: #NUM! | E240: #NUM! | F240: 3.7646467 | G240: 1.8849508 | H240: 0.13302576 | I240: 0 | J240: 0.074387659 | K240: 0 | L240: 0 | M240: 0 | N240: 0 | O240: 0 | P240: -0.018170373 | Q240: -0.050273817 | R240: 0 | S240: -0.00029226336 | T240: 0 | U240: 0 | V240: 0 | W240: 0 | X240: 0 | Y240: #NUM! | Z240: #NUM! | AA240: 5.768205 | AB240: -0.068746385 | AC240: 5.7037223 | AD240: 0 | AE240: 1.7763568e-15
A241: 2029 Q4 | B241: projection | C241: 0 | D241: #NUM! | E241: #NUM! | F241: 0 | G241: 0 | H241: 0.1297314 | I241: 0 | J241: 0.073062863 | K241: 0 | L241: 0 | M241: 0 | N241: 0 | O241: 0 | P241: 0 | Q241: -0.040263173 | R241: 0 | S241: -0.00019286382 | T241: 0 | U241: 0 | V241: 0 | W241: 0 | X241: 0 | Y241: #NUM! | Z241: #NUM! | AA241: 0.20269341 | AB241: -0.040456119 | AC241: 0.16232453 | AD241: 0 | AE241: 1.7763568e-15
A242: 2030 Q1 | B242: projection | C242: 0 | D242: #NUM! | E242: #NUM! | F242: 0 | G242: 0 | H242: 0.13040637 | I242: 0 | J242: 0.071599366 | K242: 0 | L242: 0 | M242: 0 | N242: 0 | O242: 0 | P242: 0 | Q242: -0.039310402 | R242: 0 | S242: -9.6308337e-05 | T242: 0 | U242: 0 | V242: 0 | W242: 0 | X242: 0 | Y242: #NUM! | Z242: #NUM! | AA242: 0.20190652 | AB242: -0.039406751 | AC242: 0.16258431 | AD242: 0 | AE242: 1.7763568e-15
A243: 2030 Q2 | B243: projection | C243: 0 | D243: #NUM! | E243: #NUM! | F243: 0 | G243: 0 | H243: 0.12732702 | I243: 0 | J243: 0.070080259 | K243: 0 | L243: 0 | M243: 0 | N243: 0 | O243: 0 | P243: 0 | Q243: -0.038617292 | R243: 0 | S243: 0 | T243: 0 | U243: 0 | V243: 0 | W243: 0 | X243: 0 | Y243: #NUM! | Z243: #NUM! | AA243: 0.19731268 | AB243: -0.038617292 | AC243: 0.15877616 | AD243: 0 | AE243: 1.7763568e-15
A244: 2030 Q3 | B244: projection | C244: 0 | D244: #NUM! | E244: #NUM! | F244: 0 | G244: 0 | H244: 0.12405395 | I244: 0 | J244: 0.06840284 | K244: 0 | L244: 0 | M244: 0 | N244: 0 | O244: 0 | P244: 0 | Q244: -0.037857094 | R244: 0 | S244: 0 | T244: 0 | U244: 0 | V244: 0 | W244: 0 | X244: 0 | Y244: #NUM! | Z244: #NUM! | AA244: 0.19236683 | AB244: -0.037857094 | AC244: 0.15458694 | AD244: 0 | AE244: 1.7763568e-15
A245: 2030 Q4 | B245: projection | C245: 0 | D245: #NUM! | E245: #NUM! | F245: 0 | G245: 0 | H245: 0 | I245: 0 | J245: 0 | K245: 0 | L245: 0 | M245: 0 | N245: 0 | O245: 0 | P245: 0 | Q245: -0.012704187 | R245: 0 | S245: 0 | T245: 0 | U245: 0 | V245: 0 | W245: 0 | X245: 0 | Y245: #NUM! | Z245: #NUM! | AA245: 0 | AB245: -0.012704187 | AC245: -0.012704187 | AD245: 0 | AE245: 1.7763568e-15
... A260: 2034 Q3 | B260: projection | C260: 0 | D260: #NUM! | E260: #NUM! | F260: 0 | G260: 0 | H260: 0 | I260: 0 | J260: 0 | K260: 0 | L260: 0 | M260: 0 | N260: 0 | O260: 0 | P260: 0 | Q260: 0 | R260: 0 | S260: 0 | T260: 0 | U260: 0 | V260: 0 | W260: 0 | X260: 0 | Y260: #NUM! | Z260: #NUM! | AA260: 0 | AB260: 0 | AC260: 0 | AD260: 0 | AE260: 1.7763568e-15

Sheet diff
A1: date | B1: id | C1: recession | D1: federal_purchases_contribution | E1: state_purchases_contribution | F1: federal_non_corporate_taxes_contribution | G1: state_non_corporate_taxes_contribution | H1: federal_corporate_taxes_contribution | I1: supply_side_ira_contribution | J1: state_corporate_taxes_contribution | K1: federal_social_benefits_contribution | L1: state_social_benefits_contribution | M1: rebate_checks_contribution | N1: rebate_checks_arp_contribution | O1: federal_ui_contribution | P1: state_ui_contribution | Q1: federal_subsidies_contribution | R1: federal_aid_to_small_businesses_arp_contribution | S1: federal_other_direct_aid_arp_contribution | T1: federal_other_vulnerable_arp_contribution | U1: federal_student_loans_contribution | V1: state_subsidies_contribution | W1: federal_health_outlays_contribution | X1: state_health_outlays_contribution | Y1: federal_contribution | Z1: state_contribution | AA1: taxes_contribution | AB1: transfers_contribution | AC1: consumption_contribution | AD1: fiscal_impact_measure | AE1: fiscal_impact_4q_ma | AG1: sum
A2: 1970 Q1 | B2: historical | C2: 1 | D2: ='12.23'!D2-'12.05'!D2 -> 0 | E2: ='12.23'!E2-'12.05'!E2 -> 0 | F2: ='12.23'!F2-'12.05'!F2 -> 0 | G2: ='12.23'!G2-'12.05'!G2 -> 0 | H2: ='12.23'!H2-'12.05'!H2 -> 0 | I2: ='12.23'!I2-'12.05'!I2 -> 0 | J2: ='12.23'!J2-'12.05'!J2 -> 0 | K2: ='12.23'!K2-'12.05'!K2 -> 0 | ... AE2: ='12.23'!AE2-'12.05'!AE2 -> 0
A3: 1970 Q2 | B3: historical | C3: 1 | D3: ='12.23'!D3-'12.05'!D3 -> 0 | E3: ='12.23'!E3-'12.05'!E3 -> 0 | F3: ='12.23'!F3-'12.05'!F3 -> 0 | G3: ='12.23'!G3-'12.05'!G3 -> 0 | H3: ='12.23'!H3-'12.05'!H3 -> 0 | I3: ='12.23'!I3-'12.05'!I3 -> 0 | J3: ='12.23'!J3-'12.05'!J3 -> 0 | K3: ='12.23'!K3-'12.05'!K3 -> 0 | ... AE3: ='12.23'!AE3-'12.05'!AE3 -> 0
A4: 1970 Q3 | B4: historical | C4: 1 | D4: ='12.23'!D4-'12.05'!D4 -> 0 | E4: ='12.23'!E4-'12.05'!E4 -> 0 | F4: ='12.23'!F4-'12.05'!F4 -> 0 | G4: ='12.23'!G4-'12.05'!G4 -> 0 | H4: ='12.23'!H4-'12.05'!H4 -> 0 | I4: ='12.23'!I4-'12.05'!I4 -> 0 | J4: ='12.23'!J4-'12.05'!J4 -> 0 | K4: ='12.23'!K4-'12.05'!K4 -> 0 | ... AE4: ='12.23'!AE4-'12.05'!AE4 -> 0
A5: 1970 Q4 | B5: historical | C5: 1 | D5: ='12.23'!D5-'12.05'!D5 -> 0 | E5: ='12.23'!E5-'12.05'!E5 -> 0 | F5: ='12.23'!F5-'12.05'!F5 -> 0 | G5: ='12.23'!G5-'12.05'!G5 -> 0 | H5: ='12.23'!H5-'12.05'!H5 -> 0 | I5: ='12.23'!I5-'12.05'!I5 -> 0 | J5: ='12.23'!J5-'12.05'!J5 -> 0 | K5: ='12.23'!K5-'12.05'!K5 -> 0 | ... AE5: ='12.23'!AE5-'12.05'!AE5 -> 0
A6: 1971 Q1 | B6: historical | C6: -1 | D6: ='12.23'!D6-'12.05'!D6 -> 0 | E6: ='12.23'!E6-'12.05'!E6 -> 0 | F6: ='12.23'!F6-'12.05'!F6 -> 0 | G6: ='12.23'!G6-'12.05'!G6 -> 0 | H6: ='12.23'!H6-'12.05'!H6 -> 0 | I6: ='12.23'!I6-'12.05'!I6 -> 0 | J6: ='12.23'!J6-'12.05'!J6 -> 0 | K6: ='12.23'!K6-'12.05'!K6 -> 0 | ... AE6: ='12.23'!AE6-'12.05'!AE6 -> 0
A7: 1971 Q2 | B7: historical | C7: -1 | D7: ='12.23'!D7-'12.05'!D7 -> 0 | E7: ='12.23'!E7-'12.05'!E7 -> 0 | F7: ='12.23'!F7-'12.05'!F7 -> 0 | G7: ='12.23'!G7-'12.05'!G7 -> 0 | H7: ='12.23'!H7-'12.05'!H7 -> 0 | I7: ='12.23'!I7-'12.05'!I7 -> 0 | J7: ='12.23'!J7-'12.05'!J7 -> 0 | K7: ='12.23'!K7-'12.05'!K7 -> 0 | ... AE7: ='12.23'!AE7-'12.05'!AE7 -> 0
A8: 1971 Q3 | B8: historical | C8: -1 | D8: ='12.23'!D8-'12.05'!D8 -> 0 | E8: ='12.23'!E8-'12.05'!E8 -> 0 | F8: ='12.23'!F8-'12.05'!F8 -> 0 | G8: ='12.23'!G8-'12.05'!G8 -> 0 | H8: ='12.23'!H8-'12.05'!H8 -> 0 | I8: ='12.23'!I8-'12.05'!I8 -> 0 | J8: ='12.23'!J8-'12.05'!J8 -> 0 | K8: ='12.23'!K8-'12.05'!K8 -> 0 | ... AE8: ='12.23'!AE8-'12.05'!AE8 -> 0
A9: 1971 Q4 | B9: historical | C9: -1 | D9: ='12.23'!D9-'12.05'!D9 -> 0 | E9: ='12.23'!E9-'12.05'!E9 -> 0 | F9: ='12.23'!F9-'12.05'!F9 -> 0 | G9: ='12.23'!G9-'12.05'!G9 -> 0 | H9: ='12.23'!H9-'12.05'!H9 -> 0 | I9: ='12.23'!I9-'12.05'!I9 -> 0 | J9: ='12.23'!J9-'12.05'!J9 -> 0 | K9: ='12.23'!K9-'12.05'!K9 -> 0 | ... AE9: ='12.23'!AE9-'12.05'!AE9 -> 0
A10: 1972 Q1 | B10: historical | C10: -1 | D10: ='12.23'!D10-'12.05'!D10 -> 0 | E10: ='12.23'!E10-'12.05'!E10 -> 0 | F10: ='12.23'!F10-'12.05'!F10 -> 0 | G10: ='12.23'!G10-'12.05'!G10 -> 0 | H10: ='12.23'!H10-'12.05'!H10 -> 0 | I10: ='12.23'!I10-'12.05'!I10 -> 0 | J10: ='12.23'!J10-'12.05'!J10 -> 0 | K10: ='12.23'!K10-'12.05'!K10 -> 0 | ... AE10: ='12.23'!AE10-'12.05'!AE10 -> 0
A11: 1972 Q2 | B11: historical | C11: -1 | D11: ='12.23'!D11-'12.05'!D11 -> 0 | E11: ='12.23'!E11-'12.05'!E11 -> 0 | F11: ='12.23'!F11-'12.05'!F11 -> 0 | G11: ='12.23'!G11-'12.05'!G11 -> 0 | H11: ='12.23'!H11-'12.05'!H11 -> 0 | I11: ='12.23'!I11-'12.05'!I11 -> 0 | J11: ='12.23'!J11-'12.05'!J11 -> 0 | K11: ='12.23'!K11-'12.05'!K11 -> 0 | ... AE11: ='12.23'!AE11-'12.05'!AE11 -> 0
A12: 1972 Q3 | B12: historical | C12: -1 | D12: ='12.23'!D12-'12.05'!D12 -> 0 | E12: ='12.23'!E12-'12.05'!E12 -> 0 | F12: ='12.23'!F12-'12.05'!F12 -> 0 | G12: ='12.23'!G12-'12.05'!G12 -> 0 | H12: ='12.23'!H12-'12.05'!H12 -> 0 | I12: ='12.23'!I12-'12.05'!I12 -> 0 | J12: ='12.23'!J12-'12.05'!J12 -> 0 | K12: ='12.23'!K12-'12.05'!K12 -> 0 | ... AE12: ='12.23'!AE12-'12.05'!AE12 -> 0
A13: 1972 Q4 | B13: historical | C13: -1 | D13: ='12.23'!D13-'12.05'!D13 -> 0 | E13: ='12.23'!E13-'12.05'!E13 -> 0 | F13: ='12.23'!F13-'12.05'!F13 -> 0 | G13: ='12.23'!G13-'12.05'!G13 -> 0 | H13: ='12.23'!H13-'12.05'!H13 -> 0 | I13: ='12.23'!I13-'12.05'!I13 -> 0 | J13: ='12.23'!J13-'12.05'!J13 -> 0 | K13: ='12.23'!K13-'12.05'!K13 -> 0 | ... AE13: ='12.23'!AE13-'12.05'!AE13 -> 0
... A223: 2025 Q2 | B223: historical | C223: -1 | D223: ='12.23'!D223-'12.05'!D223 -> 0 | E223: ='12.23'!E223-'12.05'!E223 -> 0 | F223: ='12.23'!F223-'12.05'!F223 -> 0.031733289 | G223: ='12.23'!G223-'12.05'!G223 -> 0 | H223: ='12.23'!H223-'12.05'!H223 -> 0 | I223: ='12.23'!I223-'12.05'!I223 -> 0.028834488 | J223: ='12.23'!J223-'12.05'!J223 -> 0 | K223: ='12.23'!K223-'12.05'!K223 -> 0 | ... AE223: ='12.23'!AE223-'12.05'!AE223 -> 0.0046374741
A224: 2025 Q3 | B224: projection | C224: 0 | D224: ='12.23'!D224-'12.05'!D224 -> 0.037301983 | E224: ='12.23'!E224-'12.05'!E224 -> 0.13987489 | F224: ='12.23'!F224-'12.05'!F224 -> 0.057906409 | G224: ='12.23'!G224-'12.05'!G224 -> -0.022237898 | H224: ='12.23'!H224-'12.05'!H224 -> 0.0031934875 | I224: ='12.23'!I224-'12.05'!I224 -> 0.11690358 | J224: ='12.23'!J224-'12.05'!J224 -> 0.007446555 | K224: ='12.23'!K224-'12.05'!K224 -> -0.064973956 | ... AE224: ='12.23'!AE224-'12.05'!AE224 -> 0.14816094 | AG224: {=D224+F224+H224+K224+O224+Q224:U224+W224} -> 0.05854636 | AH224: 0.057135427 | AI224: 0.057344327 | AJ224: 0.05743455 | AK224: 0.057074117
A225: 2025 Q4 | B225: projection | C225: 0 | D225: ='12.23'!D225-'12.05'!D225 -> -0.014801472 | E225: ='12.23'!E225-'12.05'!E225 -> -0.12456371 | F225: ='12.23'!F225-'12.05'!F225 -> 0.07028983 | G225: ='12.23'!G225-'12.05'!G225 -> 0.0047043051 | H225: ='12.23'!H225-'12.05'!H225 -> 0.00045655823 | I225: ='12.23'!I225-'12.05'!I225 -> -0.0020117444 | J225: ='12.23'!J225-'12.05'!J225 -> 0.0098192037 | K225: ='12.23'!K225-'12.05'!K225 -> -0.031254566 | ... AE225: ='12.23'!AE225-'12.05'!AE225 -> 0.20646472
A226: 2026 Q1 | B226: projection | C226: 0 | D226: ='12.23'!D226-'12.05'!D226 -> -0.048398762 | E226: ='12.23'!E226-'12.05'!E226 -> -0.062255498 | F226: ='12.23'!F226-'12.05'!F226 -> 0.029094182 | G226: ='12.23'!G226-'12.05'!G226 -> 0.011077803 | H226: ='12.23'!H226-'12.05'!H226 -> -8.6065828e-05 | I226: ='12.23'!I226-'12.05'!I226 -> -0.003429853 | J226: ='12.23'!J226-'12.05'!J226 -> 0.0094176766 | K226: ='12.23'!K226-'12.05'!K226 -> -0.023826039 | ... AE226: ='12.23'!AE226-'12.05'!AE226 -> 0.30176225
A227: 2026 Q2 | B227: projection | C227: 0 | D227: ='12.23'!D227-'12.05'!D227 -> 9.7019836e-05 | E227: ='12.23'!E227-'12.05'!E227 -> 0.00053305051 | F227: ='12.23'!F227-'12.05'!F227 -> 0.019378931 | G227: ='12.23'!G227-'12.05'!G227 -> -0.0023470832 | H227: ='12.23'!H227-'12.05'!H227 -> -0.00060073949 | I227: ='12.23'!I227-'12.05'!I227 -> -0.0024412029 | J227: ='12.23'!J227-'12.05'!J227 -> 0.0090647297 | K227: ='12.23'!K227-'12.05'!K227 -> -0.014700912 | ... AE227: ='12.23'!AE227-'12.05'!AE227 -> 0.32301432
A228: 2026 Q3 | B228: projection | C228: 0 | D228: ='12.23'!D228-'12.05'!D228 -> 0.00035842877 | E228: ='12.23'!E228-'12.05'!E228 -> 0.00050553663 | F228: ='12.23'!F228-'12.05'!F228 -> 0.025776189 | G228: ='12.23'!G228-'12.05'!G228 -> -0.0024534978 | H228: ='12.23'!H228-'12.05'!H228 -> -0.00065069643 | I228: ='12.23'!I228-'12.05'!I228 -> -0.00075142664 | J228: ='12.23'!J228-'12.05'!J228 -> 0.0088430417 | K228: ='12.23'!K228-'12.05'!K228 -> 0.049185806 | ... AE228: ='12.23'!AE228-'12.05'!AE228 -> 0.26170015
A229: 2026 Q4 | B229: projection | C229: 0 | D229: ='12.23'!D229-'12.05'!D229 -> 0.00086446507 | E229: ='12.23'!E229-'12.05'!E229 -> 0.00053466049 | F229: ='12.23'!F229-'12.05'!F229 -> 0.025363049 | G229: ='12.23'!G229-'12.05'!G229 -> -0.002553429 | H229: ='12.23'!H229-'12.05'!H229 -> -0.00071013302 | I229: ='12.23'!I229-'12.05'!I229 -> 0.00052258584 | J229: ='12.23'!J229-'12.05'!J229 -> 0.0086809336 | K229: ='12.23'!K229-'12.05'!K229 -> -0.00062135924 | ... AE229: ='12.23'!AE229-'12.05'!AE229 -> 0.26189351
A230: 2027 Q1 | B230: projection | C230: 0 | D230: ='12.23'!D230-'12.05'!D230 -> 0.00079986755 | E230: ='12.23'!E230-'12.05'!E230 -> 0.00054605613 | F230: ='12.23'!F230-'12.05'!F230 -> -0.057083321 | G230: ='12.23'!G230-'12.05'!G230 -> -0.002457813 | H230: ='12.23'!H230-'12.05'!H230 -> -0.0007830514 | I230: ='12.23'!I230-'12.05'!I230 -> 0.0026387981 | J230: ='12.23'!J230-'12.05'!J230 -> 0.008512095 | K230: ='12.23'!K230-'12.05'!K230 -> -0.00053432727 | ... AE230: ='12.23'!AE230-'12.05'!AE230 -> 0.21568312
A231: 2027 Q2 | B231: projection | C231: 0 | D231: ='12.23'!D231-'12.05'!D231 -> 0.00073223426 | E231: ='12.23'!E231-'12.05'!E231 -> 0.00051500205 | F231: ='12.23'!F231-'12.05'!F231 -> -0.071732826 | G231: ='12.23'!G231-'12.05'!G231 -> -0.0025012195 | H231: ='12.23'!H231-'12.05'!H231 -> -0.00086879628 | I231: ='12.23'!I231-'12.05'!I231 -> 0.0035897289 | J231: ='12.23'!J231-'12.05'!J231 -> 0.0082894907 | K231: ='12.23'!K231-'12.05'!K231 -> -0.0005884527 | ... AE231: ='12.23'!AE231-'12.05'!AE231 -> 0.16416941
A232: 2027 Q3 | B232: projection | C232: 0 | D232: ='12.23'!D232-'12.05'!D232 -> 0.00071669673 | E232: ='12.23'!E232-'12.05'!E232 -> 0.00050224188 | F232: ='12.23'!F232-'12.05'!F232 -> -0.046915093 | G232: ='12.23'!G232-'12.05'!G232 -> 0.0078107498 | H232: ='12.23'!H232-'12.05'!H232 -> -0.000841995 | I232: ='12.23'!I232-'12.05'!I232 -> 0.003808301 | J232: ='12.23'!J232-'12.05'!J232 -> 0.0080843392 | K232: ='12.23'!K232-'12.05'!K232 -> -0.00059012903 | ... AE232: ='12.23'!AE232-'12.05'!AE232 -> 0.075014978
A233: 2027 Q4 | B233: projection | C233: 0 | D233: ='12.23'!D233-'12.05'!D233 -> 0.034732818 | E233: ='12.23'!E233-'12.05'!E233 -> 0.029451255 | F233: ='12.23'!F233-'12.05'!F233 -> -0.089134641 | G233: ='12.23'!G233-'12.05'!G233 -> -0.033873333 | H233: ='12.23'!H233-'12.05'!H233 -> -0.0022293976 | I233: ='12.23'!I233-'12.05'!I233 -> 0.010367089 | J233: ='12.23'!J233-'12.05'!J233 -> -0.0015959429 | K233: ='12.23'!K233-'12.05'!K233 -> 0.09441487 | ... AE233: ='12.23'!AE233-'12.05'!AE233 -> 0.032731907
A234: 2028 Q1 | B234: projection | C234: 0 | D234: ='12.23'!D234-'12.05'!D234 -> #NUM! | E234: ='12.23'!E234-'12.05'!E234 -> #NUM! | F234: ='12.23'!F234-'12.05'!F234 -> -0.082430095 | G234: ='12.23'!G234-'12.05'!G234 -> -0.033529684 | H234: ='12.23'!H234-'12.05'!H234 -> -0.0020315204 | I234: ='12.23'!I234-'12.05'!I234 -> 0 | J234: ='12.23'!J234-'12.05'!J234 -> -0.001611594 | K234: ='12.23'!K234-'12.05'!K234 -> 0.094907091 | ... AE234: ='12.23'!AE234-'12.05'!AE234 -> 0.019102667
A235: 2028 Q2 | B235: projection | C235: 0 | D235: ='12.23'!D235-'12.05'!D235 -> #NUM! | E235: ='12.23'!E235-'12.05'!E235 -> #NUM! | F235: ='12.23'!F235-'12.05'!F235 -> -0.060986158 | G235: ='12.23'!G235-'12.05'!G235 -> -0.016938088 | H235: ='12.23'!H235-'12.05'!H235 -> -0.0019940563 | I235: ='12.23'!I235-'12.05'!I235 -> 0 | J235: ='12.23'!J235-'12.05'!J235 -> -0.0015808598 | K235: ='12.23'!K235-'12.05'!K235 -> 0.093792798 | ... AE235: ='12.23'!AE235-'12.05'!AE235 -> 0.009268933
A236: 2028 Q3 | B236: projection | C236: 0 | D236: ='12.23'!D236-'12.05'!D236 -> #NUM! | E236: ='12.23'!E236-'12.05'!E236 -> #NUM! | F236: ='12.23'!F236-'12.05'!F236 -> -0.060433591 | G236: ='12.23'!G236-'12.05'!G236 -> -0.01676438 | H236: ='12.23'!H236-'12.05'!H236 -> -0.00042047839 | I236: ='12.23'!I236-'12.05'!I236 -> 0 | J236: ='12.23'!J236-'12.05'!J236 -> -0.0079065251 | K236: ='12.23'!K236-'12.05'!K236 -> 0.092882189 | ... AE236: ='12.23'!AE236-'12.05'!AE236 -> 0.016214071
... A253: 2032 Q4 | B253: projection | C253: 0 | D253: ='12.23'!D253-'12.05'!D253 -> #NUM! | E253: ='12.23'!E253-'12.05'!E253 -> #NUM! | F253: ='12.23'!F253-'12.05'!F253 -> 0 | G253: ='12.23'!G253-'12.05'!G253 -> 0 | H253: ='12.23'!H253-'12.05'!H253 -> 0 | I253: ='12.23'!I253-'12.05'!I253 -> 0 | J253: ='12.23'!J253-'12.05'!J253 -> 0 | K253: ='12.23'!K253-'12.05'!K253 -> 0 | ... AE253: ='12.23'!AE253-'12.05'!AE253 -> -8.8817842e-16
A254: 2033 Q1 | B254: projection | C254: 0
A255: 2033 Q2 | B255: projection | C255: 0
A256: 2033 Q3 | B256: projection | C256: 0
A257: 2033 Q4 | B257: projection | C257: 0
A258: 2034 Q1 | B258: projection | C258: 0
A259: 2034 Q2 | B259: projection | C259: 0
A260: 2034 Q3 | B260: projection | C260: 0
