Workbook

Sheet oct
A1: date | B1: id | C1: recession | D1: federal_purchases_contribution | E1: state_purchases_contribution | F1: federal_non_corporate_taxes_contribution | G1: state_non_corporate_taxes_contribution | H1: federal_corporate_taxes_contribution | I1: supply_side_ira_contribution | J1: state_corporate_taxes_contribution | K1: federal_social_benefits_contribution | L1: state_social_benefits_contribution | M1: rebate_checks_contribution | N1: rebate_checks_arp_contribution | O1: federal_ui_contribution | P1: state_ui_contribution | Q1: federal_subsidies_contribution | R1: federal_aid_to_small_businesses_arp_contribution | S1: federal_other_direct_aid_arp_contribution | T1: federal_other_vulnerable_arp_contribution | U1: federal_student_loans_contribution | V1: state_subsidies_contribution | W1: federal_health_outlays_contribution | X1: state_health_outlays_contribution | Y1: federal_contribution | Z1: state_contribution | AA1: taxes_contribution | AB1: taxes less ira | AC1: transfers_contribution | AD1: consumption_contribution | AE1: fiscal_impact_measure | AF1: fiscal_impact_4q_ma
A2: 2023 Q2 | B2: historical | C2: -1 | D2: -0.14802611 | E2: 0.32935984 | F2: 0.40168307 | G2: 0.18603735 | H2: -0.082194087 | I2: 0.23535829 | J2: -0.041113772 | K2: -0.11030549 | L2: -0.039292217 | M2: -0.25081207 | N2: -0.42408041 | O2: -0.28390642 | P2: 0.020948001 | Q2: -0.36373095 | R2: 0.00050505984 | S2: -0.041864783 | T2: -0.096126642 | U2: -0.0080992849 | V2: -0.0008915333 | W2: 0.17103649 | X2: 0.10677014 | Y2: -0.23313551 | Z2: 0.41446924 | AA2: 0.69855453 | AB2: =AA2-I2 -> 0.46319624 | AC2: -1.3262928 | AD2: -0.61796281 | AE2: -0.43662908 | AF2: -0.83627525
A3: 2023 Q3 | B3: historical | C3: -1 | D3: 0.29138773 | E3: 0.20751042 | F3: 0.11335746 | G3: 0.097716049 | H3: -0.05915321 | I3: 0.2310278 | J3: -0.033405652 | K3: -0.035337896 | L3: -0.097526156 | M3: -0.033451247 | N3: -0.0077388778 | O3: -0.13051737 | P3: 0.044718453 | Q3: -0.37795185 | R3: 0.00059502736 | S3: -0.026783451 | T3: -0.096213711 | U3: -0.13797271 | V3: -6.5844159e-05 | W3: -0.080930365 | X3: 0.24636772 | Y3: -0.13834318 | Z3: 0.63724132 | AA3: 0.34932404 | AB3: =AA3-I3 -> 0.11829624 | AC3: -0.7341966 | AD3: -0.38219864 | AE3: 0.11669951 | AF3: -0.20616336
A4: 2023 Q4 | B4: historical | C4: -1 | D4: 0.070409519 | E4: 0.33456315 | F4: 0.084390722 | G4: 0.052044238 | H4: -0.071699906 | I4: 0.082750407 | J4: -0.037624014 | K4: -0.20119765 | L4: -0.25248893 | M4: 0 | N4: -0.0062254866 | O4: -0.0074273919 | P4: 0.025176577 | Q4: -0.16467395 | R4: -0.0057101381 | S4: -0.026574551 | T4: -0.096631639 | U4: -0.11266828 | V4: -4.6437541e-05 | W4: 0.057480661 | X4: 0.073497893 | Y4: 0.28189704 | Z4: 0.12307563 | AA4: 0.10992045 | AB4: =AA4-I4 -> 0.027170039 | AC4: -0.71934748 | AD4: -0.60859101 | AE4: -0.20361835 | AF4: -0.15496259
A5: 2024 Q1 | B5: historical | C5: -1 | D5: -0.095656905 | E5: 0.096940856 | F5: 0.49002857 | G5: 0.20839114 | H5: -0.060391934 | I5: 0.12732301 | J5: -0.031435769 | K5: -0.015431334 | L5: -0.024236115 | M5: 0 | N5: -0.11167712 | O5: -0.0014130479 | P5: 0.014852718 | Q5: -0.1478768 | R5: -0.0065334558 | S5: -0.037491898 | T5: -0.063307767 | U5: -0.10447089 | V5: -0.0005835965 | W5: -0.13918165 | X5: 0.13055532 | Y5: -0.14198756 | Z5: 0.14327151 | AA5: 0.73267848 | AB5: =AA5-I5 -> 0.60535547 | AC5: -0.50768404 | AD5: 0.2289171 | AE5: 0.23020105 | AF5: -0.073336716
A6: 2024 Q2 | B6: historical | C6: -1 | D6: 0.12347864 | E6: 0.051398583 | F6: 0.35063464 | G6: 0.18132833 | H6: -0.046919377 | I6: 0.094528727 | J6: -0.022967964 | K6: 0.17944505 | L6: 0.020341749 | M6: 0 | N6: -0.104668 | O6: -0.00067198841 | P6: 0.01260551 | Q6: -0.34619776 | R6: -0.016772232 | S6: -0.035908571 | T6: -0.050238211 | U6: -0.096103418 | V6: -0.0021619606 | W6: -0.10798661 | X6: 0.1126516 | Y6: 0.19183196 | Z6: -0.016954735 | AA6: 0.55586415 | AB6: =AA6-I6 -> 0.46133543 | AC6: -0.43560311 | AD6: 0.12277732 | AE6: 0.29765454 | AF6: 0.11023419
A7: 2024 Q3 | B7: historical | C7: -1 | D7: 0.4065057 | E7: 0.1366917 | F7: 0.26769889 | G7: 0.02149772 | H7: -0.043703024 | I7: -0.0953656 | J7: -0.012505799 | K7: 0.26285186 | L7: 0.049653198 | M7: 0 | N7: -0.10040558 | O7: -0.00033408507 | P7: 0.010455964 | Q7: -0.30976776 | R7: -0.06669009 | S7: -0.034038326 | T7: -0.043936535 | U7: -0.055729673 | V7: -4.4268525e-05 | W7: 0.20674712 | X7: 0.044619557 | Y7: 0.63577579 | Z7: -0.092578392 | AA7: 0.1379591 | AB7: =AA7-I7 -> 0.2333247 | AC7: -0.035405605 | AD7: 0.10260463 | AE7: 0.64580203 | AF7: 0.24250982
A8: 2024 Q4 | B8: historical | C8: -1 | D8: 0.13387378 | E8: 0.040840032 | F8: 0.26578106 | G8: 0.029094859 | H8: -0.034339266 | I8: -0.13372901 | J8: 0.01136901 | K8: 0.27225397 | L8: 0.016960521 | M8: 0 | N8: -0.10036427 | O8: -0.0001725724 | P8: 0.0057762572 | Q8: -0.15458604 | R8: -0.029046972 | S8: -0.022294995 | T8: -0.026522516 | U8: -0.030672088 | V8: -5.5553434e-05 | W8: 0.14998116 | X8: 0.15091666 | Y8: 0.15254838 | Z8: 0.022165438 | AA8: 0.13854798 | AB8: =AA8-I8 -> 0.27227699 | AC8: 0.23270567 | AD8: 0.370919 | AE8: 0.54563281 | AF8: 0.42982261
A9: 2025 Q1 | B9: historical | C9: -1 | D9: -0.51945344 | E9: -0.036329069 | F9: -0.068923508 | G9: 0.045824279 | H9: -0.0042648201 | I9: 0.0248513 | J9: 0.013575618 | K9: 0.18178302 | L9: -0.0089342835 | M9: 0 | N9: -0.096865949 | O9: 0 | P9: 0.00044613388 | Q9: -0.073745276 | R9: -0.028114584 | S9: -0.014963859 | T9: -0.010608242 | U9: -0.030099483 | V9: -0.00030217362 | W9: 0.10399977 | X9: 0.002612607 | Y9: -1.1699513 | Z9: 0.61416882 | AA9: 0.011102717 | AB9: =AA9-I9 -> -0.013748583 | AC9: 0.025525593 | AD9: 0.036625317 | AE9: -0.51915719 | AF9: 0.24248305
A10: 2025 Q2 | B10: historical | C10: -1 | D10: -0.49659071 | E10: 0.090506589 | F10: -0.49360352 | G10: -0.039331912 | H10: 0.0070579944 | I10: 0.1871692 | J10: 0.0019233388 | K10: 0.46724311 | L10: -0.014502786 | M10: 0 | N10: -0.094949895 | O10: 0 | P10: 0.0018247774 | Q10: -0.094999199 | R10: -0.02673731 | S10: -0.013483429 | T10: -0.010020828 | U10: -0.023738219 | V10: -0.0010380446 | W10: 0.28501646 | X10: -0.029952741 | Y10: -0.94596317 | Z10: 0.53987905 | AA10: -0.33591118 | AB10: =AA10-I10 -> -0.52308038 | AC10: 0.44530218 | AD10: -0.18904189 | AE10: -0.59512601 | AF10: 0.019287909
A11: 2025 Q3 | B11: projection | C11: 0 | D11: 0.0018353324 | E11: -0.18895751 | F11: -0.22561765 | G11: 0.031964415 | H11: 0.18570532 | I11: 0.11283214 | J11: 0.0069886574 | K11: 0.26976939 | L11: -0.00024409454 | M11: 0 | N11: -0.00099896094 | O11: 0 | P11: -0.0083673707 | Q11: -0.074626504 | R11: -0.026048206 | S11: -0.013810384 | T11: -0.0085423386 | U11: -0.029638323 | V11: -0.00052655433 | W11: 0.22450059 | X11: 0.0019343238 | Y11: -0.050493883 | Z11: -0.13662829 | AA11: 0.11233031 | AB11: =AA11-I11 -> -0.00050183295 | AC11: 0.33350392 | AD11: 0.14543785 | AE11: -0.041684325 | AF11: -0.15258368
A12: 2025 Q4 | B12: projection | C12: 0 | D12: -0.40818665 | E12: -0.18797857 | F12: -0.18376482 | G12: 0.012855036 | H12: 0.065942043 | I12: 0.14035275 | J12: 0.0096981954 | K12: 0.21821118 | L12: 0.026815537 | M12: 0 | N12: -0.00097192311 | O12: 0 | P12: -0.0077753446 | Q12: -0.036283497 | R12: -0.0039026384 | S12: -0.012854849 | T12: -0.0076754748 | U12: -0.024548492 | V12: -0.00044546802 | W12: 0.2294708 | X12: 0.020152618 | Y12: -0.51253608 | Z12: -0.083629139 | AA12: 0.045379711 | AB12: =AA12-I12 -> -0.094973042 | AC12: 0.39989251 | AD12: -0.75492013 | AE12: -1.3510854 | AF12: -0.62676322
A13: 2026 Q1 | B13: projection | C13: 0 | D13: 0.89353249 | E13: -0.18679327 | F13: -0.15788909 | G13: -0.005175253 | H13: 0.063538308 | I13: 0.31388233 | J13: 0.0065070205 | K13: 0.15031915 | L13: 0.040643938 | M13: 0 | N13: -0.00094783566 | O13: 0 | P13: -0.0071485208 | Q13: -0.0028042467 | R13: -0.0026676745 | S13: -0.014294821 | T13: -0.0070418372 | U13: -0.022803876 | V13: -0.00041144841 | W13: 0.27300491 | X13: 0.029331705 | Y13: 0.84183311 | Z13: -0.13509389 | AA13: 0.2212818 | AB13: =AA13-I13 -> -0.092600531 | AC13: 0.4347065 | AD13: 1.3149645 | AE13: 2.0217037 | AF13: 0.008452003
... A18: 2027 Q2 | B18: projection | C18: 0 | D18: -0.11072717 | E18: -0.19118456 | F18: -0.02983676 | G18: 0.023800283 | H18: 0.088515383 | I18: -0.36522952 | J18: 0.004630489 | K18: 0.12270905 | L18: 0.010613895 | M18: 0 | N18: 0 | O18: 0 | P18: -0.00081672553 | Q18: 0.0025172322 | R18: -0.00028515852 | S18: -0.0010320556 | T18: -0.0015233461 | U18: -0.0095126456 | V18: -0.00031358356 | W18: 0.089169656 | X18: 0.0013236714 | Y18: -0.15456652 | Z18: -0.1473452 | AA18: -0.27777126 | AB18: =AA18-I18 -> 0.087458255 | AC18: 0.21273203 | AD18: -0.10440821 | AE18: -0.40631993 | AF18: -0.30849496

Sheet sep
A1: date | B1: id | C1: recession | D1: federal_purchases_contribution | E1: state_purchases_contribution | F1: federal_non_corporate_taxes_contribution | G1: state_non_corporate_taxes_contribution | H1: federal_corporate_taxes_contribution | I1: supply_side_ira_contribution | J1: state_corporate_taxes_contribution | K1: federal_social_benefits_contribution | L1: state_social_benefits_contribution | M1: rebate_checks_contribution | N1: rebate_checks_arp_contribution | O1: federal_ui_contribution | P1: state_ui_contribution | Q1: federal_subsidies_contribution | R1: federal_aid_to_small_businesses_arp_contribution | S1: federal_other_direct_aid_arp_contribution | T1: federal_other_vulnerable_arp_contribution | U1: federal_student_loans_contribution | V1: state_subsidies_contribution | W1: federal_health_outlays_contribution | X1: state_health_outlays_contribution | Y1: federal_contribution | Z1: state_contribution | AA1: taxes_contribution | AB1: taxes less ira | AC1: transfers_contribution | AD1: consumption_contribution | AE1: fiscal_impact_measure | AF1: fiscal_impact_4q_ma
A2: 2023 Q2 | B2: historical | C2: -1 | D2: -0.14802611 | E2: 0.32935984 | F2: 0.40168307 | G2: 0.18603735 | H2: -0.082194087 | I2: 0.23535829 | J2: -0.041113772 | K2: -0.11030549 | L2: -0.039292217 | M2: -0.25081207 | N2: -0.42408041 | O2: -0.28390642 | P2: 0.020948001 | Q2: -0.36373095 | R2: 0.00050505984 | S2: -0.041864783 | T2: -0.096126642 | U2: -0.0080992849 | V2: -0.0008915333 | W2: 0.17103649 | X2: 0.10677014 | Y2: -0.23313551 | Z2: 0.41446924 | AA2: 0.69855453 | AB2: =AA2-I2 -> 0.46319624 | AC2: -1.3262928 | AD2: -0.61796281 | AE2: -0.43662908 | AF2: -0.83627525
A3: 2023 Q3 | B3: historical | C3: -1 | D3: 0.29138773 | E3: 0.20751042 | F3: 0.11335746 | G3: 0.097716049 | H3: -0.05915321 | I3: 0.2310278 | J3: -0.033405652 | K3: -0.035337896 | L3: -0.097526156 | M3: -0.033451247 | N3: -0.0077388778 | O3: -0.13051737 | P3: 0.044718453 | Q3: -0.37795185 | R3: 0.00059502736 | S3: -0.026783451 | T3: -0.096213711 | U3: -0.13797271 | V3: -6.5844159e-05 | W3: -0.080930365 | X3: 0.24636772 | Y3: -0.13834318 | Z3: 0.63724132 | AA3: 0.34932404 | AB3: =AA3-I3 -> 0.11829624 | AC3: -0.7341966 | AD3: -0.38219864 | AE3: 0.11669951 | AF3: -0.20616336
A4: 2023 Q4 | B4: historical | C4: -1 | D4: 0.070409519 | E4: 0.33456315 | F4: 0.084390722 | G4: 0.052044238 | H4: -0.071699906 | I4: 0.082750407 | J4: -0.037624014 | K4: -0.20119765 | L4: -0.25248893 | M4: 0 | N4: -0.0062254866 | O4: -0.0074273919 | P4: 0.025176577 | Q4: -0.16467395 | R4: -0.0057101381 | S4: -0.026574551 | T4: -0.096631639 | U4: -0.11266828 | V4: -4.6437541e-05 | W4: 0.057480661 | X4: 0.073497893 | Y4: 0.28189704 | Z4: 0.12307563 | AA4: 0.10992045 | AB4: =AA4-I4 -> 0.027170039 | AC4: -0.71934748 | AD4: -0.60859101 | AE4: -0.20361835 | AF4: -0.15496259
A5: 2024 Q1 | B5: historical | C5: -1 | D5: -0.095656905 | E5: 0.096940856 | F5: 0.49002857 | G5: 0.20839114 | H5: -0.060391934 | I5: 0.12732301 | J5: -0.031435769 | K5: -0.015431334 | L5: -0.024236115 | M5: 0 | N5: -0.11167712 | O5: -0.0014130479 | P5: 0.014852718 | Q5: -0.1478768 | R5: -0.0065334558 | S5: -0.037491898 | T5: -0.063307767 | U5: -0.10447089 | V5: -0.0005835965 | W5: -0.13918165 | X5: 0.13055532 | Y5: -0.14198756 | Z5: 0.14327151 | AA5: 0.73267848 | AB5: =AA5-I5 -> 0.60535547 | AC5: -0.50768404 | AD5: 0.2289171 | AE5: 0.23020105 | AF5: -0.073336716
A6: 2024 Q2 | B6: historical | C6: -1 | D6: 0.12347864 | E6: 0.051398583 | F6: 0.35063464 | G6: 0.18132833 | H6: -0.046919377 | I6: 0.094528727 | J6: -0.022967964 | K6: 0.17944505 | L6: 0.020341749 | M6: 0 | N6: -0.104668 | O6: -0.00067198841 | P6: 0.01260551 | Q6: -0.34619776 | R6: -0.016772232 | S6: -0.035908571 | T6: -0.050238211 | U6: -0.096103418 | V6: -0.0021619606 | W6: -0.10798661 | X6: 0.1126516 | Y6: 0.19183196 | Z6: -0.016954735 | AA6: 0.55586415 | AB6: =AA6-I6 -> 0.46133543 | AC6: -0.43560311 | AD6: 0.12277732 | AE6: 0.29765454 | AF6: 0.11023419
A7: 2024 Q3 | B7: historical | C7: -1 | D7: 0.4065057 | E7: 0.1366917 | F7: 0.26769889 | G7: 0.02149772 | H7: -0.043703024 | I7: -0.0953656 | J7: -0.012505799 | K7: 0.26285186 | L7: 0.049653198 | M7: 0 | N7: -0.10040558 | O7: -0.00033408507 | P7: 0.010455964 | Q7: -0.30976776 | R7: -0.06669009 | S7: -0.034038326 | T7: -0.043936535 | U7: -0.055729673 | V7: -4.4268525e-05 | W7: 0.20674712 | X7: 0.044619557 | Y7: 0.63577579 | Z7: -0.092578392 | AA7: 0.1379591 | AB7: =AA7-I7 -> 0.2333247 | AC7: -0.035405605 | AD7: 0.10260463 | AE7: 0.64580203 | AF7: 0.24250982
A8: 2024 Q4 | B8: historical | C8: -1 | D8: 0.13387378 | E8: 0.040840032 | F8: 0.26578106 | G8: 0.029094859 | H8: -0.034339266 | I8: -0.13372901 | J8: 0.01136901 | K8: 0.27225397 | L8: 0.016960521 | M8: 0 | N8: -0.10036427 | O8: -0.0001725724 | P8: 0.0057762572 | Q8: -0.15458604 | R8: -0.029046972 | S8: -0.022294995 | T8: -0.026522516 | U8: -0.030672088 | V8: -5.5553434e-05 | W8: 0.14998116 | X8: 0.15091666 | Y8: 0.15254838 | Z8: 0.022165438 | AA8: 0.13854798 | AB8: =AA8-I8 -> 0.27227699 | AC8: 0.23270567 | AD8: 0.370919 | AE8: 0.54563281 | AF8: 0.42982261
A9: 2025 Q1 | B9: historical | C9: -1 | D9: -0.51945344 | E9: -0.036329069 | F9: -0.068923508 | G9: 0.045824279 | H9: -0.0042648201 | I9: 0.0248513 | J9: 0.013575618 | K9: 0.18178302 | L9: -0.0089342835 | M9: 0 | N9: -0.096865949 | O9: 0 | P9: 0.00044613388 | Q9: -0.073745276 | R9: -0.028114584 | S9: -0.014963859 | T9: -0.010608242 | U9: -0.030099483 | V9: -0.00030217362 | W9: 0.10399977 | X9: 0.002612607 | Y9: -1.1699513 | Z9: 0.61416882 | AA9: 0.011102717 | AB9: =AA9-I9 -> -0.013748583 | AC9: 0.025525593 | AD9: 0.036625317 | AE9: -0.51915719 | AF9: 0.24248305
A10: 2025 Q2 | B10: historical | C10: -1 | D10: -0.49659071 | E10: 0.090506589 | F10: -0.49360352 | G10: -0.039331912 | H10: 0.0070579944 | I10: 0.1871692 | J10: 0.0019233388 | K10: 0.46724311 | L10: -0.014502786 | M10: 0 | N10: -0.094949895 | O10: 0 | P10: 0.0018247774 | Q10: -0.094999199 | R10: -0.02673731 | S10: -0.013483429 | T10: -0.010020828 | U10: -0.023738219 | V10: -0.0010380446 | W10: 0.28501646 | X10: -0.029952741 | Y10: -0.94596317 | Z10: 0.53987905 | AA10: -0.33591118 | AB10: =AA10-I10 -> -0.52308038 | AC10: 0.44530218 | AD10: -0.18904189 | AE10: -0.59512601 | AF10: 0.019287909
A11: 2025 Q3 | B11: projection | C11: 0 | D11: 0.1631113 | E11: -0.18895751 | F11: -0.22561765 | G11: 0.031964415 | H11: 0.18570532 | I11: 0.18199766 | J11: 0.0069886574 | K11: 0.23748379 | L11: -0.00024409454 | M11: 0 | N11: -0.00099896094 | O11: 0 | P11: -0.0083673707 | Q11: -0.074626504 | R11: -0.026048206 | S11: -0.013810384 | T11: -0.0085423386 | U11: -0.029638323 | V11: -0.00052655433 | W11: 0.22450059 | X11: 0.0019343238 | Y11: 0.11078208 | Z11: -0.13662829 | AA11: 0.18149619 | AB11: =AA11-I11 -> -0.00050146536 | AC11: 0.30124016 | AD11: 0.18215783 | AE11: 0.15631162 | AF11: -0.10308469
A12: 2025 Q4 | B12: projection | C12: 0 | D12: 0.051277427 | E12: -0.18797857 | F12: -0.18376482 | G12: 0.012855036 | H12: 0.065942043 | I12: 0.071097532 | J12: 0.0096981954 | K12: 0.15390503 | L12: 0.026815537 | M12: 0 | N12: -0.00097192311 | O12: 0 | P12: -0.0077753446 | Q12: -0.036283497 | R12: -0.0039026384 | S12: -0.012854849 | T12: -0.0076754748 | U12: -0.024548492 | V12: -0.00044546802 | W12: 0.2294708 | X12: 0.020152618 | Y12: -0.053072004 | Z12: -0.083629139 | AA12: -0.023945292 | AB12: =AA12-I12 -> -0.095042824 | AC12: 0.33571051 | AD12: 0.011850403 | AE12: -0.12485074 | AF12: -0.27070558
A13: 2026 Q1 | B13: projection | C13: 0 | D13: 0.29588505 | E13: -0.18679327 | F13: -0.15788909 | G13: -0.005175253 | H13: 0.063538308 | I13: 0.31388233 | J13: 0.0065070205 | K13: 0.030623218 | L13: 0.040643938 | M13: 0 | N13: -0.00094783566 | O13: 0 | P13: -0.0071485208 | Q13: -0.0028042467 | R13: -0.0026676745 | S13: -0.014294821 | T13: -0.0070418372 | U13: -0.022803876 | V13: -0.00041144841 | W13: 0.27300491 | X13: 0.029331705 | Y13: 0.24418567 | Z13: -0.13509389 | AA13: 0.2212818 | AB13: =AA13-I13 -> -0.092600531 | AC13: 0.31537333 | AD13: 0.29591252 | AE13: 0.4050043 | AF13: -0.039665209
... A18: 2027 Q2 | B18: projection | C18: 0 | D18: -0.11072717 | E18: -0.19118456 | F18: -0.02983676 | G18: 0.023800283 | H18: 0.088515383 | I18: -0.31115122 | J18: 0.004630489 | K18: -0.0073764978 | L18: 0.010613895 | M18: 0 | N18: 0 | O18: 0 | P18: -0.00081672553 | Q18: 0.0025172322 | R18: -0.00028515852 | S18: -0.0010320556 | T18: -0.0015233461 | U18: -0.0095126456 | V18: -0.00031358356 | W18: 0.089169656 | X18: 0.0013236714 | Y18: -0.15456652 | Z18: -0.1473452 | AA18: -0.22374323 | AB18: =AA18-I18 -> 0.087407992 | AC18: 0.082771764 | AD18: -0.18077372 | AE18: -0.48268544 | AF18: -0.4185299

Sheet dif
A1: date | B1: id | C1: recession | D1: federal_purchases_contribution | E1: state_purchases_contribution | F1: federal_non_corporate_taxes_contribution | G1: state_non_corporate_taxes_contribution | H1: federal_corporate_taxes_contribution | I1: supply_side_ira_contribution | J1: state_corporate_taxes_contribution | K1: federal_social_benefits_contribution | L1: state_social_benefits_contribution | M1: rebate_checks_contribution | N1: rebate_checks_arp_contribution | O1: federal_ui_contribution | P1: state_ui_contribution | Q1: federal_subsidies_contribution | R1: federal_aid_to_small_businesses_arp_contribution | S1: federal_other_direct_aid_arp_contribution | T1: federal_other_vulnerable_arp_contribution | U1: federal_student_loans_contribution | V1: state_subsidies_contribution | W1: federal_health_outlays_contribution | X1: state_health_outlays_contribution | Y1: federal_contribution | Z1: state_contribution | AA1: taxes_contribution | AB1: taxes less ira | AC1: transfers_contribution | AD1: consumption_contribution | AE1: fiscal_impact_measure | AF1: fiscal_impact_4q_ma
A2: 2023 Q2 | B2: historical | C2: -1 | D2: =oct!D2-sep!D2 -> 0 | E2: =oct!E2-sep!E2 -> 0 | F2: =oct!F2-sep!F2 -> 0 | G2: =oct!G2-sep!G2 -> 0 | H2: =oct!H2-sep!H2 -> 0 | I2: =oct!I2-sep!I2 -> 0 | J2: =oct!J2-sep!J2 -> 0 | K2: =oct!K2-sep!K2 -> 0 | ... AF2: =oct!AF2-sep!AF2 -> 0
A3: 2023 Q3 | B3: historical | C3: -1 | D3: =oct!D3-sep!D3 -> 0 | E3: =oct!E3-sep!E3 -> 0 | F3: =oct!F3-sep!F3 -> 0 | G3: =oct!G3-sep!G3 -> 0 | H3: =oct!H3-sep!H3 -> 0 | I3: =oct!I3-sep!I3 -> 0 | J3: =oct!J3-sep!J3 -> 0 | K3: =oct!K3-sep!K3 -> 0 | ... AF3: =oct!AF3-sep!AF3 -> 0
A4: 2023 Q4 | B4: historical | C4: -1 | D4: =oct!D4-sep!D4 -> 0 | E4: =oct!E4-sep!E4 -> 0 | F4: =oct!F4-sep!F4 -> 0 | G4: =oct!G4-sep!G4 -> 0 | H4: =oct!H4-sep!H4 -> 0 | I4: =oct!I4-sep!I4 -> 0 | J4: =oct!J4-sep!J4 -> 0 | K4: =oct!K4-sep!K4 -> 0 | ... AF4: =oct!AF4-sep!AF4 -> 0
A5: 2024 Q1 | B5: historical | C5: -1 | D5: =oct!D5-sep!D5 -> 0 | E5: =oct!E5-sep!E5 -> 0 | F5: =oct!F5-sep!F5 -> 0 | G5: =oct!G5-sep!G5 -> 0 | H5: =oct!H5-sep!H5 -> 0 | I5: =oct!I5-sep!I5 -> 0 | J5: =oct!J5-sep!J5 -> 0 | K5: =oct!K5-sep!K5 -> 0 | ... AF5: =oct!AF5-sep!AF5 -> 0
A6: 2024 Q2 | B6: historical | C6: -1 | D6: =oct!D6-sep!D6 -> 0 | E6: =oct!E6-sep!E6 -> 0 | F6: =oct!F6-sep!F6 -> 0 | G6: =oct!G6-sep!G6 -> 0 | H6: =oct!H6-sep!H6 -> 0 | I6: =oct!I6-sep!I6 -> 0 | J6: =oct!J6-sep!J6 -> 0 | K6: =oct!K6-sep!K6 -> 0 | ... AF6: =oct!AF6-sep!AF6 -> 0
A7: 2024 Q3 | B7: historical | C7: -1 | D7: =oct!D7-sep!D7 -> 0 | E7: =oct!E7-sep!E7 -> 0 | F7: =oct!F7-sep!F7 -> 0 | G7: =oct!G7-sep!G7 -> 0 | H7: =oct!H7-sep!H7 -> 0 | I7: =oct!I7-sep!I7 -> 0 | J7: =oct!J7-sep!J7 -> 0 | K7: =oct!K7-sep!K7 -> 0 | ... AF7: =oct!AF7-sep!AF7 -> 0
A8: 2024 Q4 | B8: historical | C8: -1 | D8: =oct!D8-sep!D8 -> 0 | E8: =oct!E8-sep!E8 -> 0 | F8: =oct!F8-sep!F8 -> 0 | G8: =oct!G8-sep!G8 -> 0 | H8: =oct!H8-sep!H8 -> 0 | I8: =oct!I8-sep!I8 -> 0 | J8: =oct!J8-sep!J8 -> 0 | K8: =oct!K8-sep!K8 -> 0 | ... AF8: =oct!AF8-sep!AF8 -> 0
A9: 2025 Q1 | B9: historical | C9: -1 | D9: =oct!D9-sep!D9 -> 0 | E9: =oct!E9-sep!E9 -> 0 | F9: =oct!F9-sep!F9 -> 0 | G9: =oct!G9-sep!G9 -> 0 | H9: =oct!H9-sep!H9 -> 0 | I9: =oct!I9-sep!I9 -> 0 | J9: =oct!J9-sep!J9 -> 0 | K9: =oct!K9-sep!K9 -> 0 | ... AF9: =oct!AF9-sep!AF9 -> 0
A10: 2025 Q2 | B10: historical | C10: -1 | D10: =oct!D10-sep!D10 -> 0 | E10: =oct!E10-sep!E10 -> 0 | F10: =oct!F10-sep!F10 -> 0 | G10: =oct!G10-sep!G10 -> 0 | H10: =oct!H10-sep!H10 -> 0 | I10: =oct!I10-sep!I10 -> 0 | J10: =oct!J10-sep!J10 -> 0 | K10: =oct!K10-sep!K10 -> 0 | ... AF10: =oct!AF10-sep!AF10 -> 0
A11: 2025 Q3 | B11: projection | C11: 0 | D11: =oct!D11-sep!D11 -> -0.16127596 | E11: =oct!E11-sep!E11 -> 0 | F11: =oct!F11-sep!F11 -> 0 | G11: =oct!G11-sep!G11 -> 0 | H11: =oct!H11-sep!H11 -> 0 | I11: =oct!I11-sep!I11 -> -0.069165517 | J11: =oct!J11-sep!J11 -> 0 | K11: =oct!K11-sep!K11 -> 0.032285602 | ... AF11: =oct!AF11-sep!AF11 -> -0.049498985
A12: 2025 Q4 | B12: projection | C12: 0 | D12: =oct!D12-sep!D12 -> -0.45946408 | E12: =oct!E12-sep!E12 -> 0 | F12: =oct!F12-sep!F12 -> 0 | G12: =oct!G12-sep!G12 -> 0 | H12: =oct!H12-sep!H12 -> 0 | I12: =oct!I12-sep!I12 -> 0.069255221 | J12: =oct!J12-sep!J12 -> 0 | K12: =oct!K12-sep!K12 -> 0.064306155 | ... AF12: =oct!AF12-sep!AF12 -> -0.35605764
A13: 2026 Q1 | B13: projection | C13: 0 | D13: =oct!D13-sep!D13 -> 0.59764744 | E13: =oct!E13-sep!E13 -> 0 | F13: =oct!F13-sep!F13 -> 0 | G13: =oct!G13-sep!G13 -> 0 | H13: =oct!H13-sep!H13 -> 0 | I13: =oct!I13-sep!I13 -> 0 | J13: =oct!J13-sep!J13 -> 0 | K13: =oct!K13-sep!K13 -> 0.11969593 | ... AF13: =oct!AF13-sep!AF13 -> 0.048117212
... A18: 2027 Q2 | B18: projection | C18: 0 | D18: =oct!D18-sep!D18 -> 0 | E18: =oct!E18-sep!E18 -> 0 | F18: =oct!F18-sep!F18 -> 0 | G18: =oct!G18-sep!G18 -> 0 | H18: =oct!H18-sep!H18 -> 0 | I18: =oct!I18-sep!I18 -> -0.054078297 | J18: =oct!J18-sep!J18 -> 0 | K18: =oct!K18-sep!K18 -> 0.13008555 | ... AF18: =oct!AF18-sep!AF18 -> 0.11003494
K20: ss
